"activity_date","type"
"2013-05-20 12:41:45","Race or Group Ride"
"2013-05-21 11:37:50","Race or Group Ride"
"2013-05-23 14:32:39","Race or Group Ride"
"2013-05-24 10:31:16","Race or Group Ride"
"2013-05-28 12:12:42","Zone 4 Interval Training"
"2013-05-29 10:37:18","Race or Group Ride"
"2013-05-30 11:48:59","Race or Group Ride"
"2013-06-01 16:56:35","Race or Group Ride"
"2013-06-02 15:19:08","Race or Group Ride"
"2013-06-03 15:20:09","Race or Group Ride"
"2013-06-04 13:38:36","Zone 4 Interval Training"
"2013-06-05 10:43:58","Zone 4 Interval Training"
"2013-06-06 14:23:43","Zone 3 Interval Training"
"2013-06-07 13:22:22","Race or Group Ride"
"2013-06-08 12:24:59","Race or Group Ride"
"2013-06-11 12:51:25","Endurance Ride"
"2013-06-12 11:28:39","Zone 3 Interval Training"
"2013-06-13 11:45:04","Race or Group Ride"
"2013-06-16 16:41:02","Zone 3 Interval Training"
"2013-06-17 13:46:01","Endurance Ride"
"2013-06-19 13:31:08","Zone 4 Interval Training"
"2013-06-20 16:06:35","Race or Group Ride"
"2013-06-21 14:12:55","Zone 5 Interval Training"
"2013-06-22 13:17:09","Zone 4 Interval Training"
"2013-06-23 13:58:00","Endurance Ride"
"2013-06-24 12:26:08","Recovery Ride"
"2013-06-26 11:45:39","Zone 3 Interval Training"
"2013-06-27 15:47:42","Race or Group Ride"
"2013-06-28 15:09:13","Zone 4 Interval Training"
"2013-06-30 12:05:58","Race or Group Ride"
"2013-07-02 11:36:37","Race or Group Ride"
"2013-07-03 12:02:42","Zone 3 Interval Training"
"2013-07-04 12:37:41","Race or Group Ride"
"2013-07-05 15:31:30","Endurance Ride"
"2013-07-06 18:04:30","Race or Group Ride"
"2013-07-07 08:57:32","Race or Group Ride"
"2013-07-08 17:28:44","Race or Group Ride"
"2013-07-09 18:06:23","Endurance Ride"
"2013-07-10 17:59:35","Endurance Ride"
"2013-07-11 17:17:11","Endurance Ride"
"2013-07-13 18:01:00","Endurance Ride"
"2013-07-14 17:29:33","Zone 5 Interval Training"
"2013-07-16 11:47:05","Race or Group Ride"
"2013-07-17 11:59:12","Race or Group Ride"
"2013-07-18 17:53:26","Race or Group Ride"
"2013-07-19 17:28:25","Zone 5 Interval Training"
"2013-07-20 17:49:26","Race or Group Ride"
"2013-07-21 11:36:43","Endurance Ride"
"2013-07-22 12:55:33","Race or Group Ride"
"2013-07-23 12:48:13","Endurance Ride"
"2013-07-24 13:32:17","Endurance Ride"
"2013-07-26 13:24:23","Race or Group Ride"
"2013-07-27 12:42:29","Endurance Ride"
"2013-07-28 16:48:57","Race or Group Ride"
"2013-07-29 17:00:37","Zone 3 Interval Training"
"2013-07-30 14:19:42","Race or Group Ride"
"2013-07-31 15:18:39","Race or Group Ride"
"2013-08-01 13:22:03","Race or Group Ride"
"2013-08-02 11:59:14","Endurance Ride"
"2013-08-03 15:31:18","Race or Group Ride"
"2013-08-05 13:10:05","Race or Group Ride"
"2013-08-06 12:07:32","Race or Group Ride"
"2013-08-07 12:37:35","Race or Group Ride"
"2013-08-08 14:19:14","Race or Group Ride"
"2013-08-09 15:20:44","Race or Group Ride"
"2013-08-10 14:08:35","Endurance Ride"
"2013-08-12 14:54:53","Race or Group Ride"
"2013-08-14 12:55:31","Race or Group Ride"
"2013-08-15 11:02:06","Race or Group Ride"
"2013-08-16 13:31:09","Race or Group Ride"
"2013-08-17 17:30:29","Race or Group Ride"
"2013-08-21 12:48:06","Race or Group Ride"
"2013-08-22 13:44:20","Race or Group Ride"
"2013-08-23 13:48:03","Race or Group Ride"
"2013-08-24 15:21:15","Race or Group Ride"
"2013-08-25 12:28:27","Race or Group Ride"
"2013-08-26 13:50:43","Race or Group Ride"
"2013-08-27 12:19:13","Race or Group Ride"
"2013-08-28 12:47:56","Race or Group Ride"
"2013-08-29 13:23:50","Race or Group Ride"
"2013-08-30 13:34:12","Race or Group Ride"
"2013-09-01 12:07:23","Race or Group Ride"
"2013-09-03 13:36:40","Race or Group Ride"
"2013-09-04 13:22:00","Race or Group Ride"
"2013-09-05 17:27:07","Race or Group Ride"
"2013-09-06 14:02:39","Race or Group Ride"
"2013-09-07 12:37:19","Race or Group Ride"
"2013-09-08 15:49:23","Race or Group Ride"
"2013-09-10 12:58:01","Race or Group Ride"
"2013-09-11 16:01:26","Race or Group Ride"
"2013-09-13 15:55:58","Race or Group Ride"
"2013-09-16 14:12:18","Race or Group Ride"
"2013-09-17 13:51:14","Race or Group Ride"
"2013-09-18 12:14:30","Race or Group Ride"
"2013-09-20 15:51:34","Race or Group Ride"
"2013-09-21 12:51:15","Race or Group Ride"
"2013-09-22 12:34:32","Race or Group Ride"
"2013-09-24 13:14:56","Race or Group Ride"
"2013-09-25 12:21:54","Race or Group Ride"
"2013-09-29 17:31:42","Race or Group Ride"
"2013-09-30 13:08:48","Race or Group Ride"
"2013-10-01 16:44:53","Race or Group Ride"
"2013-10-02 16:41:12","Race or Group Ride"
"2013-10-03 13:54:18","Race or Group Ride"
"2013-10-05 12:43:30","Race or Group Ride"
"2013-10-06 13:22:28","Race or Group Ride"
"2013-10-10 13:24:28","Race or Group Ride"
"2013-05-16 09:53:07","Race or Group Ride"
"2013-05-17 13:14:02","Race or Group Ride"
"2013-05-19 15:12:06","Race or Group Ride"
"2013-09-26 13:48:06","Race or Group Ride"
"2013-10-14 11:26:18","Endurance Ride"
"2013-11-13 13:52:55","Endurance Ride"
"2013-11-17 08:06:52","Race or Group Ride"
"2013-11-18 11:21:35","Endurance Ride"
"2013-11-20 14:15:53","Endurance Ride"
"2013-11-22 13:26:54","Endurance Ride"
"2013-11-25 12:26:19","Race or Group Ride"
"2013-11-27 13:34:45","Zone 3 Interval Training"
"2013-11-29 12:57:08","Race or Group Ride"
"2013-12-02 13:41:43","Endurance Ride"
"2013-12-04 12:36:43","Endurance Ride"
"2013-12-07 13:59:29","Endurance Ride"
"2013-12-09 12:42:30","Endurance Ride"
"2013-12-10 13:13:12","Endurance Ride"
"2013-12-14 11:45:58","Endurance Ride"
"2013-12-16 12:18:56","Endurance Ride"
"2013-12-18 12:44:42","Endurance Ride"
"2013-12-26 12:34:25","Race or Group Ride"
"2013-12-28 12:33:19","Endurance Ride"
"2013-12-30 11:28:25","Endurance Ride"
"2014-01-04 12:09:28","Endurance Ride"
"2014-01-05 14:03:49","Endurance Ride"
"2014-01-07 12:33:21","Endurance Ride"
"2014-01-08 12:19:25","Endurance Ride"
"2014-01-13 12:52:14","Endurance Ride"
"2014-01-15 12:22:54","Race or Group Ride"
"2014-01-17 13:17:33","Race or Group Ride"
"2014-01-19 12:41:11","Race or Group Ride"
"2014-01-21 13:36:26","Endurance Ride"
"2014-01-25 14:19:05","Race or Group Ride"
"2014-01-28 12:35:36","Endurance Ride"
"2014-01-30 12:56:28","Race or Group Ride"
"2014-01-31 13:10:06","Endurance Ride"
"2014-02-02 13:08:28","Endurance Ride"
"2014-02-04 14:39:53","Endurance Ride"
"2014-02-06 10:01:48","Endurance Ride"
"2014-02-16 13:53:24","Zone 3 Interval Training"
"2014-02-25 12:41:59","Endurance Ride"
"2014-02-26 10:14:30","Endurance Ride"
"2014-03-01 12:30:23","Race or Group Ride"
"2014-03-02 14:22:04","Zone 3 Interval Training"
"2014-03-04 13:12:26","Race or Group Ride"
"2014-03-05 14:21:46","Race or Group Ride"
"2014-03-06 12:48:51","Endurance Ride"
"2014-03-09 13:36:12","Race or Group Ride"
"2014-03-10 15:35:53","Race or Group Ride"
"2014-03-13 14:24:01","Race or Group Ride"
"2014-03-14 11:39:50","Race or Group Ride"
"2014-03-17 13:15:23","Race or Group Ride"
"2014-03-19 13:08:25","Race or Group Ride"
"2014-03-27 08:08:20","Race or Group Ride"
"2014-03-28 10:02:36","Endurance Ride"
"2014-03-29 14:32:18","Race or Group Ride"
"2014-03-30 13:10:17","Endurance Ride"
"2014-04-02 11:52:19","Endurance Ride"
"2014-04-03 11:59:42","Race or Group Ride"
"2014-04-04 10:15:10","Endurance Ride"
"2014-04-05 14:18:50","Zone 3 Interval Training"
"2014-04-06 10:13:29","Zone 3 Interval Training"
"2014-04-07 15:01:36","Recovery Ride"
"2014-04-08 15:23:01","Race or Group Ride"
"2014-04-09 12:33:08","Zone 3 Interval Training"
"2014-04-10 13:11:51","Zone 4 Interval Training"
"2014-04-12 12:54:04","Race or Group Ride"
"2014-04-15 12:57:39","Endurance Ride"
"2014-04-16 13:07:55","Endurance Ride"
"2014-04-18 14:55:36","Race or Group Ride"
"2014-04-19 13:12:46","Endurance Ride"
"2014-04-21 12:00:51","Endurance Ride"
"2014-04-22 13:56:55","Zone 3 Interval Training"
"2014-04-24 14:20:31","Endurance Ride"
"2014-04-25 10:47:55","Race or Group Ride"
"2014-04-29 11:50:27","Endurance Ride"
"2014-05-01 13:54:17","Race or Group Ride"
"2014-05-05 16:17:26","Endurance Ride"
"2014-05-06 13:28:00","Race or Group Ride"
"2014-05-14 11:50:23","Endurance Ride"
"2014-05-16 15:56:37","Endurance Ride"
"2014-05-17 16:17:21","Endurance Ride"
"2014-05-18 14:33:42","Race or Group Ride"
"2014-05-19 16:54:12","Endurance Ride"
"2014-05-20 16:59:35","Race or Group Ride"
"2014-05-22 15:54:32","Race or Group Ride"
"2014-05-25 17:19:12","Race or Group Ride"
"2014-05-31 17:31:47","Race or Group Ride"
"2014-06-01 16:01:40","Race or Group Ride"
"2014-06-06 15:07:17","Endurance Ride"
"2014-06-09 16:20:18","Endurance Ride"
"2014-06-10 16:54:11","Endurance Ride"
"2014-06-12 16:24:47","Endurance Ride"
"2014-06-15 17:21:02","Endurance Ride"
"2014-06-16 12:38:41","Endurance Ride"
"2014-06-20 17:26:57","Endurance Ride"
"2014-06-24 15:49:35","Race or Group Ride"
"2014-06-25 14:15:37","Race or Group Ride"
"2014-06-30 16:55:38","Zone 3 Interval Training"
"2014-07-01 15:19:01","Race or Group Ride"
"2014-07-03 15:58:28","Endurance Ride"
"2014-07-07 17:56:03","Endurance Ride"
"2014-07-12 18:00:39","Endurance Ride"
"2014-07-15 15:15:32","Endurance Ride"
"2014-07-18 17:54:34","Endurance Ride"
"2014-07-22 18:01:26","Race or Group Ride"
"2014-07-23 18:03:15","Race or Group Ride"
"2014-07-25 17:24:50","Race or Group Ride"
"2014-07-26 17:43:33","Zone 3 Interval Training"
"2014-07-28 14:21:11","Endurance Ride"
"2014-07-29 14:44:17","Race or Group Ride"
"2014-07-31 14:11:12","Endurance Ride"
"2014-08-01 15:57:16","Endurance Ride"
"2014-08-04 17:02:24","Endurance Ride"
"2014-08-06 14:14:10","Endurance Ride"
"2014-08-07 17:00:11","Endurance Ride"
"2013-10-22 13:04:52","Race or Group Ride"
"2013-11-11 14:38:22","Zone 4 Interval Training"
"2014-06-23 14:17:56","Race or Group Ride"
"2014-07-17 18:01:37","Endurance Ride"
"2014-08-02 14:17:30","Endurance Ride"
"2014-08-24 11:39:37","Endurance Ride"
"2014-08-25 13:11:59","Endurance Ride"
"2014-08-28 13:37:53","Endurance Ride"
"2014-08-29 16:22:56","Race or Group Ride"
"2014-08-31 17:39:42","Race or Group Ride"
"2014-09-01 14:38:29","Endurance Ride"
"2014-09-02 14:35:18","Race or Group Ride"
"2014-09-03 13:44:31","Race or Group Ride"
"2014-09-04 13:49:16","Race or Group Ride"
"2014-09-05 13:57:41","Endurance Ride"
"2014-09-06 10:35:39","Race or Group Ride"
"2014-09-17 13:49:03","Endurance Ride"
"2014-09-26 14:59:58","Zone 3 Interval Training"
"2014-11-21 10:43:13","Endurance Ride"
"2014-11-24 12:01:44","Zone 3 Interval Training"
"2014-11-26 12:43:30","Endurance Ride"
"2014-12-01 12:54:45","Race or Group Ride"
"2014-12-04 11:44:12","Endurance Ride"
"2014-12-07 12:20:15","Endurance Ride"
"2014-12-09 11:02:19","Zone 3 Interval Training"
"2014-12-16 12:29:59","Endurance Ride"
"2015-02-15 12:42:42","Race or Group Ride"
"2015-02-16 13:40:24","Race or Group Ride"
"2015-02-17 13:07:37","Race or Group Ride"
"2015-02-18 12:09:04","Race or Group Ride"
"2015-02-22 13:42:00","Race or Group Ride"
"2015-02-24 10:42:44","Race or Group Ride"
"2015-02-28 12:13:15","Race or Group Ride"
"2015-03-02 12:05:58","Race or Group Ride"
"2015-03-04 10:58:18","Race or Group Ride"
"2015-03-05 14:02:27","Race or Group Ride"
"2015-03-07 14:22:16","Race or Group Ride"
"2015-03-08 13:05:23","Race or Group Ride"
"2015-03-23 12:17:43","Race or Group Ride"
"2015-03-24 11:50:10","Race or Group Ride"
"2015-03-25 11:20:03","Race or Group Ride"
"2015-03-30 13:53:17","Race or Group Ride"
"2015-04-01 12:27:01","Race or Group Ride"
"2015-04-02 14:13:53","Race or Group Ride"
"2015-04-03 13:09:38","Race or Group Ride"
"2015-04-04 13:02:25","Race or Group Ride"
"2015-04-06 13:03:42","Race or Group Ride"
"2015-04-08 12:26:36","Race or Group Ride"
"2015-04-09 12:09:56","Race or Group Ride"
"2015-04-10 11:46:16","Race or Group Ride"
"2015-04-13 14:14:55","Race or Group Ride"
"2015-04-14 14:42:11","Race or Group Ride"
"2015-04-15 13:25:21","Race or Group Ride"
"2015-04-16 14:41:07","Endurance Ride"
"2015-04-20 14:18:23","Endurance Ride"
"2015-04-21 13:38:58","Race or Group Ride"
"2015-04-22 11:27:14","Race or Group Ride"
"2015-04-23 15:56:41","Race or Group Ride"
"2015-04-24 14:00:26","Endurance Ride"
"2015-04-27 14:12:00","Endurance Ride"
"2015-04-29 12:00:56","Endurance Ride"
"2015-04-30 13:12:50","Endurance Ride"
"2015-05-01 12:49:44","Endurance Ride"
"2015-05-02 15:42:09","Race or Group Ride"
"2015-05-04 13:12:56","Race or Group Ride"
"2015-05-05 13:03:55","Race or Group Ride"
"2015-05-11 11:53:32","Endurance Ride"
"2015-05-12 12:11:55","Zone 3 Interval Training"
"2015-05-13 12:15:47","Endurance Ride"
"2015-05-14 14:55:46","Endurance Ride"
"2015-05-15 15:32:21","Zone 3 Interval Training"
"2015-05-18 12:30:33","Race or Group Ride"
"2015-05-19 14:43:20","Race or Group Ride"
"2015-05-20 13:54:55","Race or Group Ride"
"2015-05-22 13:15:14","Race or Group Ride"
"2015-05-23 13:22:38","Race or Group Ride"
"2015-05-24 12:09:28","Race or Group Ride"
"2015-05-27 14:02:17","Endurance Ride"
"2015-05-28 12:36:06","Zone 4 Interval Training"
"2015-06-01 14:42:17","Race or Group Ride"
"2015-06-18 12:55:37","Race or Group Ride"
"2015-06-20 16:00:22","Race or Group Ride"
"2015-06-24 13:38:33","Endurance Ride"
"2015-06-26 15:23:40","Endurance Ride"
"2015-06-27 14:51:08","Endurance Ride"
"2015-06-28 14:28:53","Endurance Ride"
"2015-06-29 14:00:42","Endurance Ride"
"2015-06-30 13:58:13","Race or Group Ride"
"2015-07-01 13:40:42","Endurance Ride"
"2015-07-02 13:41:48","Endurance Ride"
"2015-07-06 11:27:13","Zone 3 Interval Training"
"2015-07-07 11:35:15","Endurance Ride"
"2015-07-08 12:30:09","Endurance Ride"
"2015-07-09 11:36:28","Endurance Ride"
"2015-07-10 11:44:03","Endurance Ride"
"2015-07-11 11:23:30","Race or Group Ride"
"2015-07-15 11:43:36","Endurance Ride"
"2015-07-16 17:34:04","Endurance Ride"
"2015-07-18 11:52:55","Race or Group Ride"
"2015-07-21 13:27:03","Race or Group Ride"
"2015-07-22 11:18:42","Race or Group Ride"
"2015-07-23 11:16:41","Endurance Ride"
"2015-07-24 11:43:38","Race or Group Ride"
"2015-07-26 12:56:30","Endurance Ride"
"2015-07-28 11:45:47","Endurance Ride"
"2015-07-29 14:31:14","Endurance Ride"
"2015-07-31 13:28:27","Endurance Ride"
"2015-08-01 13:08:01","Endurance Ride"
"2015-08-02 11:52:10","Endurance Ride"
"2015-08-03 13:26:41","Recovery Ride"
"2015-08-05 12:59:15","Race or Group Ride"
"2015-08-06 13:34:33","Endurance Ride"
"2015-08-08 12:51:46","Race or Group Ride"
"2015-08-09 12:59:37","Endurance Ride"
"2015-08-13 14:04:31","Race or Group Ride"
"2014-08-11 15:45:20","Endurance Ride"
"2014-08-13 16:13:51","Recovery Ride"
"2014-08-22 15:27:13","Recovery Ride"
"2015-07-17 10:55:55","Zone 3 Interval Training"
"2015-07-30 16:40:27","Endurance Ride"
"2015-08-07 14:04:29","Endurance Ride"
"2015-08-23 11:52:14","Endurance Ride"
"2015-08-26 13:23:02","Endurance Ride"
"2015-08-28 13:38:37","Race or Group Ride"
"2015-08-29 13:21:49","Race or Group Ride"
"2015-08-30 11:00:48","Endurance Ride"
"2015-08-31 14:02:15","Race or Group Ride"
"2015-09-03 14:02:37","Race or Group Ride"
"2015-09-04 13:20:40","Race or Group Ride"
"2015-09-05 14:05:00","Race or Group Ride"
"2015-09-07 11:58:20","Race or Group Ride"
"2015-09-08 14:39:16","Race or Group Ride"
"2015-09-10 15:48:13","Endurance Ride"
"2015-09-13 13:44:00","Endurance Ride"
"2015-09-14 15:30:54","Endurance Ride"
"2015-09-16 12:38:11","Endurance Ride"
"2015-09-18 13:09:28","Race or Group Ride"
"2015-09-19 12:26:06","Endurance Ride"
"2015-09-21 12:37:38","Endurance Ride"
"2015-09-25 12:07:11","Endurance Ride"
"2015-09-26 12:58:07","Race or Group Ride"
"2015-09-27 11:34:56","Race or Group Ride"
"2015-09-28 13:09:31","Race or Group Ride"
"2015-09-30 12:23:16","Race or Group Ride"
"2015-10-03 08:49:51","Race or Group Ride"
"2015-10-04 12:23:17","Race or Group Ride"
"2015-10-07 12:01:41","Race or Group Ride"
"2015-10-09 12:16:00","Race or Group Ride"
"2015-10-11 14:14:59","Race or Group Ride"
"2015-10-12 13:55:09","Race or Group Ride"
"2015-11-21 11:23:12","Endurance Ride"
"2015-11-24 12:20:52","Race or Group Ride"
"2015-11-26 13:13:13","Race or Group Ride"
"2015-12-02 11:31:43","Race or Group Ride"
"2015-12-03 12:00:29","Race or Group Ride"
"2015-12-06 11:54:53","Race or Group Ride"
"2015-12-07 13:21:34","Race or Group Ride"
"2015-12-08 11:50:16","Race or Group Ride"
"2015-12-09 12:51:30","Recovery Ride"
"2015-12-10 10:56:17","Race or Group Ride"
"2015-12-13 11:59:41","Race or Group Ride"
"2015-12-16 11:31:32","Race or Group Ride"
"2015-12-18 11:15:37","Race or Group Ride"
"2015-12-19 08:30:11","Race or Group Ride"
"2015-12-20 08:30:48","Race or Group Ride"
"2015-12-23 13:26:11","Race or Group Ride"
"2015-12-24 12:08:39","Race or Group Ride"
"2015-12-26 12:15:47","Race or Group Ride"
"2015-12-27 12:10:57","Race or Group Ride"
"2015-12-28 12:31:38","Race or Group Ride"
"2015-12-31 08:38:58","Endurance Ride"
"2016-01-05 08:28:55","Race or Group Ride"
"2016-01-06 10:12:28","Endurance Ride"
"2016-01-07 08:44:37","Race or Group Ride"
"2016-01-08 08:52:23","Endurance Ride"
"2016-01-09 08:47:39","Race or Group Ride"
"2016-01-10 09:50:03","Race or Group Ride"
"2016-01-12 09:05:56","Race or Group Ride"
"2016-01-13 09:09:14","Zone 4 Interval Training"
"2016-01-15 11:14:58","Endurance Ride"
"2016-01-16 12:25:23","Race or Group Ride"
"2016-01-17 11:55:11","Endurance Ride"
"2016-01-19 11:12:14","Race or Group Ride"
"2016-01-20 11:51:42","Race or Group Ride"
"2016-01-21 11:42:06","Endurance Ride"
"2016-01-22 10:52:47","Race or Group Ride"
"2016-01-25 11:22:04","Race or Group Ride"
"2016-01-28 09:48:26","Endurance Ride"
"2016-02-02 11:02:45","Endurance Ride"
"2016-02-03 09:02:21","Endurance Ride"
"2016-02-06 08:14:33","Race or Group Ride"
"2016-02-07 11:09:38","Race or Group Ride"
"2016-02-09 10:31:13","Race or Group Ride"
"2016-02-11 09:35:04","Endurance Ride"
"2016-02-12 10:01:40","Race or Group Ride"
"2016-02-13 09:58:22","Race or Group Ride"
"2016-02-15 11:48:23","Race or Group Ride"
"2016-02-16 10:43:52","Race or Group Ride"
"2016-02-17 10:27:01","Endurance Ride"
"2016-02-18 10:22:29","Race or Group Ride"
"2016-02-19 10:04:15","Race or Group Ride"
"2016-02-23 09:56:59","Endurance Ride"
"2016-02-24 10:29:34","Endurance Ride"
"2016-02-26 10:32:13","Race or Group Ride"
"2016-02-27 10:11:06","Endurance Ride"
"2016-02-29 09:57:42","Race or Group Ride"
"2016-03-01 09:25:59","Race or Group Ride"
"2016-03-06 11:11:08","Endurance Ride"
"2016-03-07 10:48:56","Endurance Ride"
"2016-03-08 11:06:43","Zone 4 Interval Training"
"2016-03-09 11:22:44","Endurance Ride"
"2016-03-11 10:35:42","Race or Group Ride"
"2016-03-12 10:47:37","Endurance Ride"
"2016-03-13 10:45:49","Endurance Ride"
"2016-03-14 11:12:26","Race or Group Ride"
"2016-03-15 11:37:44","Endurance Ride"
"2016-03-16 11:15:08","Endurance Ride"
"2016-03-22 11:46:16","Race or Group Ride"
"2016-03-23 10:46:02","Race or Group Ride"
"2016-03-24 10:21:26","Recovery Ride"
"2016-04-23 12:35:52","Race or Group Ride"
"2016-04-24 09:31:23","Endurance Ride"
"2016-04-25 11:24:39","Zone 3 Interval Training"
"2016-04-27 14:32:45","Race or Group Ride"
"2016-04-28 11:58:13","Race or Group Ride"
"2016-04-29 11:00:31","Endurance Ride"
"2016-05-01 10:21:34","Endurance Ride"
"2016-05-02 12:40:39","Endurance Ride"
"2016-05-03 11:42:51","Zone 3 Interval Training"
"2016-05-04 12:47:26","Race or Group Ride"
"2015-08-20 13:19:21","Endurance Ride"
"2015-08-21 13:09:06","Endurance Ride"
"2015-08-22 14:33:20","Endurance Ride"
"2016-03-10 11:01:02","Race or Group Ride"
"2016-03-17 11:31:31","Race or Group Ride"
"2016-04-30 12:19:56","Race or Group Ride"
"2016-05-18 09:10:42","Endurance Ride"
"2016-05-19 10:02:14","Race or Group Ride"
"2016-05-21 07:57:08","Endurance Ride"
"2016-05-22 08:45:38","Race or Group Ride"
"2016-05-24 10:43:35","Endurance Ride"
"2016-05-25 11:20:55","Endurance Ride"
"2016-05-26 11:20:36","Endurance Ride"
"2016-05-28 09:34:34","Zone 4 Interval Training"
"2016-05-29 10:05:41","Race or Group Ride"
"2016-05-31 09:27:50","Endurance Ride"
"2016-06-02 09:22:27","Endurance Ride"
"2016-06-03 15:18:12","Race or Group Ride"
"2016-06-04 14:57:11","Endurance Ride"
"2016-06-05 10:07:27","Race or Group Ride"
"2016-06-06 10:38:41","Endurance Ride"
"2016-06-07 10:57:44","Endurance Ride"
"2016-06-09 12:07:31","Race or Group Ride"
"2016-06-10 12:26:55","Endurance Ride"
"2016-06-11 12:00:17","Endurance Ride"
"2016-07-06 17:30:30","Endurance Ride"
"2016-07-07 10:49:12","Endurance Ride"
"2016-07-10 09:20:46","Endurance Ride"
"2016-07-11 13:53:33","Race or Group Ride"
"2016-07-13 10:30:14","Race or Group Ride"
"2016-07-14 10:50:54","Endurance Ride"
"2016-07-15 16:44:05","Endurance Ride"
"2016-07-16 17:58:01","Zone 3 Interval Training"
"2016-07-17 06:48:40","Endurance Ride"
"2016-07-19 11:30:36","Endurance Ride"
"2016-07-20 10:43:40","Zone 3 Interval Training"
"2016-07-21 11:08:40","Endurance Ride"
"2016-07-23 17:41:25","Race or Group Ride"
"2016-07-24 09:48:53","Endurance Ride"
"2016-07-26 12:55:23","Endurance Ride"
"2016-07-27 10:40:30","Endurance Ride"
"2016-07-30 10:52:50","Endurance Ride"
"2016-07-31 09:55:33","Endurance Ride"
"2016-08-01 13:25:45","Endurance Ride"
"2016-08-04 12:32:42","Race or Group Ride"
"2016-08-05 10:51:44","Endurance Ride"
"2016-08-06 11:10:28","Recovery Ride"
"2016-08-07 14:41:53","Endurance Ride"
"2016-08-08 11:22:29","Race or Group Ride"
"2016-08-09 12:18:20","Endurance Ride"
"2016-08-11 11:28:08","Zone 4 Interval Training"
"2016-08-12 13:42:39","Endurance Ride"
"2016-08-13 11:28:24","Race or Group Ride"
"2016-08-14 11:15:10","Endurance Ride"
"2016-08-15 11:15:03","Endurance Ride"
"2016-08-16 12:15:46","Endurance Ride"
"2016-08-17 12:14:55","Endurance Ride"
"2016-08-19 12:30:40","Endurance Ride"
"2016-08-20 16:05:56","Zone 3 Interval Training"
"2016-08-23 11:01:03","Endurance Ride"
"2016-08-24 11:43:52","Endurance Ride"
"2016-08-25 15:26:31","Zone 3 Interval Training"
"2016-08-26 11:10:07","Endurance Ride"
"2016-08-27 12:11:13","Zone 3 Interval Training"
"2016-08-28 11:17:11","Race or Group Ride"
"2016-08-30 12:31:34","Zone 3 Interval Training"
"2016-08-31 11:18:55","Endurance Ride"
"2016-09-01 11:24:03","Zone 3 Interval Training"
"2016-09-03 10:09:36","Endurance Ride"
"2016-09-04 14:21:02","Endurance Ride"
"2016-09-05 10:25:10","Endurance Ride"
"2016-09-06 10:38:36","Endurance Ride"
"2016-09-07 12:03:09","Endurance Ride"
"2016-09-09 11:55:16","Endurance Ride"
"2016-09-10 11:51:53","Endurance Ride"
"2016-09-11 12:16:54","Zone 3 Interval Training"
"2016-09-12 10:28:00","Endurance Ride"
"2016-09-13 11:23:42","Endurance Ride"
"2016-09-14 10:33:48","Endurance Ride"
"2016-09-15 11:21:17","Endurance Ride"
"2016-09-16 14:26:31","Race or Group Ride"
"2016-09-17 13:28:05","Race or Group Ride"
"2016-09-18 10:48:12","Zone 3 Interval Training"
"2016-09-21 10:58:40","Zone 3 Interval Training"
"2016-09-22 11:22:56","Endurance Ride"
"2016-09-23 11:34:29","Endurance Ride"
"2016-09-24 13:29:22","Endurance Ride"
"2016-09-25 12:03:23","Endurance Ride"
"2016-09-26 12:03:59","Endurance Ride"
"2016-09-27 12:18:41","Endurance Ride"
"2016-09-29 11:45:23","Zone 4 Interval Training"
"2016-09-30 10:56:41","Zone 3 Interval Training"
"2016-10-02 12:17:28","Race or Group Ride"
"2016-10-03 08:00:29","Race or Group Ride"
"2016-10-05 12:15:22","Endurance Ride"
"2016-10-06 12:12:13","Zone 3 Interval Training"
"2016-10-08 12:26:57","Endurance Ride"
"2016-10-12 12:10:14","Endurance Ride"
"2016-10-13 11:07:39","Zone 3 Interval Training"
"2016-10-14 12:31:53","Endurance Ride"
"2016-10-16 10:41:17","Race or Group Ride"
"2016-10-17 13:11:08","Endurance Ride"
"2016-10-21 11:26:54","Endurance Ride"
"2016-10-22 11:20:36","Endurance Ride"
"2016-10-23 12:50:43","Race or Group Ride"
"2016-10-26 10:46:11","Endurance Ride"
"2016-10-27 12:01:23","Endurance Ride"
"2016-10-28 12:39:53","Race or Group Ride"
"2016-10-29 11:47:27","Zone 4 Interval Training"
"2016-10-30 10:59:34","Endurance Ride"
"2016-10-31 12:17:57","Race or Group Ride"
"2016-11-01 12:19:20","Endurance Ride"
"2016-11-17 11:25:15","Endurance Ride"
"2016-11-22 11:12:52","Race or Group Ride"
"2016-11-24 11:54:17","Endurance Ride"
"2016-11-25 12:27:04","Endurance Ride"
"2016-11-27 11:05:31","Endurance Ride"
"2016-12-01 11:38:24","Endurance Ride"
"2016-05-10 11:05:09","Endurance Ride"
"2016-05-13 10:12:01","Endurance Ride"
"2016-05-17 11:39:59","Endurance Ride"
"2016-10-09 11:37:02","Endurance Ride"
"2016-10-25 12:30:34","Endurance Ride"
"2016-11-23 11:32:13","Endurance Ride"
"2016-12-11 10:28:09","Race or Group Ride"
"2016-12-12 10:06:08","Endurance Ride"
"2016-12-14 11:18:00","Race or Group Ride"
"2016-12-15 11:15:49","Race or Group Ride"
"2016-12-18 11:08:50","Endurance Ride"
"2016-12-19 11:48:54","Race or Group Ride"
"2016-12-23 12:03:36","Race or Group Ride"
"2016-12-24 10:14:07","Race or Group Ride"
"2016-12-26 12:00:02","Zone 3 Interval Training"
"2016-12-27 12:35:55","Race or Group Ride"
"2016-12-29 11:49:25","Endurance Ride"
"2016-12-30 12:08:37","Race or Group Ride"
"2016-12-31 10:58:25","Race or Group Ride"
"2017-01-18 10:28:36","Race or Group Ride"
"2017-03-29 10:47:21","Endurance Ride"
"2017-03-30 09:40:02","Race or Group Ride"
"2017-03-31 11:30:50","Endurance Ride"
"2017-04-01 11:47:24","Endurance Ride"
"2017-04-02 11:00:09","Endurance Ride"
"2017-04-03 12:11:59","Zone 3 Interval Training"
"2017-04-04 10:44:34","Endurance Ride"
"2017-04-05 11:02:31","Endurance Ride"
"2017-04-06 10:24:11","Endurance Ride"
"2017-04-07 10:24:28","Endurance Ride"
"2017-04-09 08:55:04","Race or Group Ride"
"2017-04-10 10:29:02","Endurance Ride"
"2017-04-11 10:27:10","Endurance Ride"
"2017-04-13 11:49:41","Endurance Ride"
"2017-04-14 10:32:26","Endurance Ride"
"2017-04-18 12:22:56","Endurance Ride"
"2017-04-19 10:46:36","Race or Group Ride"
"2017-04-20 10:34:58","Race or Group Ride"
"2017-04-22 12:13:21","Endurance Ride"
"2017-04-23 10:58:59","Race or Group Ride"
"2017-04-24 11:39:37","Endurance Ride"
"2017-04-25 11:55:40","Recovery Ride"
"2017-04-26 11:35:23","Endurance Ride"
"2017-04-27 11:31:51","Endurance Ride"
"2017-04-28 11:50:41","Endurance Ride"
"2017-04-29 10:58:20","Endurance Ride"
"2017-04-30 10:59:09","Race or Group Ride"
"2017-05-01 09:20:53","Race or Group Ride"
"2017-05-03 11:58:43","Endurance Ride"
"2017-05-04 11:06:32","Endurance Ride"
"2017-05-05 11:36:34","Endurance Ride"
"2017-05-08 11:11:24","Zone 3 Interval Training"
"2017-05-09 10:37:09","Zone 3 Interval Training"
"2017-05-10 11:21:31","Endurance Ride"
"2017-05-11 10:52:50","Endurance Ride"
"2017-05-13 10:50:51","Endurance Ride"
"2017-05-14 10:43:03","Endurance Ride"
"2017-05-16 11:04:48","Endurance Ride"
"2017-05-17 10:54:46","Endurance Ride"
"2017-05-20 10:57:29","Recovery Ride"
"2017-05-21 10:55:29","Zone 3 Interval Training"
"2017-05-22 12:36:27","Endurance Ride"
"2017-05-23 10:03:49","Endurance Ride"
"2017-05-24 09:43:38","Endurance Ride"
"2017-05-25 10:37:23","Endurance Ride"
"2017-05-26 10:10:46","Endurance Ride"
"2017-05-27 09:42:54","Endurance Ride"
"2017-05-30 12:36:34","Endurance Ride"
"2017-05-31 12:26:09","Endurance Ride"
"2017-06-01 11:39:23","Endurance Ride"
"2017-06-02 11:12:13","Endurance Ride"
"2017-06-04 10:52:37","Endurance Ride"
"2017-06-05 10:42:31","Race or Group Ride"
"2017-06-07 11:26:08","Endurance Ride"
"2017-06-11 16:12:52","Endurance Ride"
"2017-06-12 09:55:11","Endurance Ride"
"2017-06-13 11:41:58","Endurance Ride"
"2017-06-14 10:20:02","Zone 3 Interval Training"
"2017-06-15 10:31:34","Endurance Ride"
"2017-06-16 09:54:07","Race or Group Ride"
"2017-06-17 09:48:42","Zone 3 Interval Training"
"2017-06-18 14:23:08","Endurance Ride"
"2017-06-19 11:45:41","Endurance Ride"
"2017-06-20 11:44:09","Endurance Ride"
"2017-06-21 10:49:50","Endurance Ride"
"2017-06-22 09:36:44","Endurance Ride"
"2017-06-23 16:06:34","Endurance Ride"
"2017-06-25 16:02:43","Endurance Ride"
"2017-06-29 10:15:52","Race or Group Ride"
"2017-06-30 11:25:13","Race or Group Ride"
"2017-07-02 17:24:26","Race or Group Ride"
"2017-07-03 17:43:39","Endurance Ride"
"2017-07-04 10:12:26","Endurance Ride"
"2017-07-06 12:01:03","Zone 3 Interval Training"
"2017-07-07 10:11:01","Endurance Ride"
"2017-07-08 09:56:31","Endurance Ride"
"2017-07-11 09:21:29","Endurance Ride"
"2017-07-13 09:27:53","Race or Group Ride"
"2017-07-14 09:47:59","Endurance Ride"
"2017-07-16 09:26:46","Zone 5 Interval Training"
"2017-07-17 09:32:19","Zone 3 Interval Training"
"2017-07-18 10:00:21","Endurance Ride"
"2017-07-19 09:17:40","Race or Group Ride"
"2017-07-21 09:47:24","Endurance Ride"
"2017-07-23 09:49:26","Endurance Ride"
"2017-07-26 12:41:31","Endurance Ride"
"2017-07-28 10:54:40","Endurance Ride"
"2017-07-29 14:17:36","Endurance Ride"
"2017-07-30 12:20:50","Endurance Ride"
"2017-07-31 11:58:58","Endurance Ride"
"2017-08-03 11:30:23","Endurance Ride"
"2017-08-04 15:43:30","Endurance Ride"
"2017-08-06 15:01:41","Endurance Ride"
"2017-08-09 10:10:12","Endurance Ride"
"2017-08-13 15:22:59","Endurance Ride"
"2017-08-14 10:21:57","Endurance Ride"
"2017-08-15 09:57:41","Endurance Ride"
"2017-08-16 10:51:32","Endurance Ride"
"2016-12-09 10:20:45","Endurance Ride"
"2016-12-05 09:37:46","Race or Group Ride"
"2016-12-06 09:45:28","Race or Group Ride"
"2017-07-09 08:41:30","Endurance Ride"
"2017-07-22 09:39:33","Endurance Ride"
"2017-08-02 14:40:56","Endurance Ride"
"2017-08-19 10:01:14","Race or Group Ride"
"2017-08-25 14:11:49","Endurance Ride"
"2017-08-26 12:21:27","Endurance Ride"
"2017-08-27 06:55:08","Endurance Ride"
"2017-08-29 09:29:38","Endurance Ride"
"2017-08-30 09:46:45","Recovery Ride"
"2017-09-01 10:02:07","Endurance Ride"
"2017-09-02 12:14:04","Endurance Ride"
"2017-09-03 10:52:30","Race or Group Ride"
"2017-09-04 10:19:22","Endurance Ride"
"2017-09-10 15:02:35","Endurance Ride"
"2017-09-16 10:37:06","Zone 3 Interval Training"
"2017-09-17 11:10:30","Zone 3 Interval Training"
"2017-09-19 12:36:20","Zone 3 Interval Training"
"2017-09-21 12:07:57","Endurance Ride"
"2017-09-22 11:36:01","Endurance Ride"
"2017-09-25 13:34:31","Endurance Ride"
"2017-09-26 10:04:53","Endurance Ride"
"2017-09-27 10:42:48","Endurance Ride"
"2017-10-03 11:02:17","Endurance Ride"
"2017-10-04 10:05:52","Race or Group Ride"
"2017-10-08 11:20:06","Endurance Ride"
"2017-10-11 10:51:48","Endurance Ride"
"2017-10-13 10:58:15","Endurance Ride"
"2017-10-14 11:10:59","Race or Group Ride"
"2017-10-16 10:44:43","Race or Group Ride"
"2017-10-17 11:35:22","Race or Group Ride"
"2017-10-18 11:05:48","Race or Group Ride"
"2017-10-19 10:55:21","Race or Group Ride"
"2017-10-25 08:39:31","Endurance Ride"
"2017-10-26 10:14:15","Endurance Ride"
"2017-10-27 11:08:55","Endurance Ride"
"2017-10-31 13:10:20","Endurance Ride"
"2017-11-01 12:03:06","Race or Group Ride"
"2017-11-03 11:59:53","Endurance Ride"
"2017-11-04 12:18:17","Endurance Ride"
"2017-11-05 12:24:11","Endurance Ride"
"2017-11-07 13:16:21","Race or Group Ride"
"2017-11-09 10:34:54","Endurance Ride"
"2017-11-13 11:14:36","Endurance Ride"
"2017-11-14 11:16:49","Race or Group Ride"
"2017-11-19 11:25:10","Endurance Ride"
"2017-11-22 10:31:22","Endurance Ride"
"2017-12-07 09:56:33","Race or Group Ride"
"2018-01-09 11:47:46","Race or Group Ride"
"2018-01-10 10:57:51","Endurance Ride"
"2018-01-11 12:00:11","Race or Group Ride"
"2018-01-13 12:07:51","Endurance Ride"
"2018-01-14 11:18:09","Endurance Ride"
"2018-01-18 11:26:23","Endurance Ride"
"2018-01-19 10:15:45","Endurance Ride"
"2018-01-22 11:07:44","Race or Group Ride"
"2018-01-23 10:41:57","Race or Group Ride"
"2018-01-26 11:15:15","Endurance Ride"
"2018-01-27 10:57:19","Race or Group Ride"
"2018-01-29 10:25:26","Race or Group Ride"
"2018-01-30 10:25:25","Endurance Ride"
"2018-02-06 11:36:44","Endurance Ride"
"2018-02-07 11:02:15","Race or Group Ride"
"2018-02-08 11:08:03","Endurance Ride"
"2018-02-09 10:40:22","Endurance Ride"
"2018-02-12 13:40:52","Endurance Ride"
"2018-02-13 10:41:50","Race or Group Ride"
"2018-02-16 10:39:03","Race or Group Ride"
"2018-02-18 10:07:12","Endurance Ride"
"2018-02-19 10:38:11","Race or Group Ride"
"2018-02-21 11:25:05","Zone 3 Interval Training"
"2018-02-22 12:42:26","Race or Group Ride"
"2018-02-23 10:44:07","Race or Group Ride"
"2018-02-25 10:52:12","Race or Group Ride"
"2018-03-05 10:24:35","Zone 3 Interval Training"
"2018-03-06 10:39:47","Endurance Ride"
"2018-03-07 10:25:21","Zone 3 Interval Training"
"2018-03-11 11:08:35","Race or Group Ride"
"2018-03-14 09:46:53","Race or Group Ride"
"2018-03-15 09:57:22","Endurance Ride"
"2018-03-18 10:06:23","Race or Group Ride"
"2018-03-19 10:43:12","Race or Group Ride"
"2018-03-20 12:02:49","Endurance Ride"
"2018-04-04 08:55:55","Endurance Ride"
"2018-04-06 09:35:28","Race or Group Ride"
"2018-04-07 09:49:30","Race or Group Ride"
"2018-04-08 08:19:32","Endurance Ride"
"2018-04-10 09:11:45","Race or Group Ride"
"2018-04-11 09:35:40","Endurance Ride"
"2018-04-12 09:10:27","Race or Group Ride"
"2018-04-13 09:45:46","Race or Group Ride"
"2018-04-14 10:01:36","Race or Group Ride"
"2018-04-16 09:31:58","Race or Group Ride"
"2018-04-17 12:31:54","Endurance Ride"
"2018-04-18 09:44:05","Race or Group Ride"
"2018-04-19 12:28:36","Endurance Ride"
"2018-04-20 11:41:32","Endurance Ride"
"2018-04-22 09:45:24","Endurance Ride"
"2018-04-26 13:31:46","Race or Group Ride"
"2018-04-27 12:20:59","Endurance Ride"
"2018-04-28 11:34:46","Race or Group Ride"
"2018-04-29 13:14:28","Endurance Ride"
"2018-05-02 11:34:02","Race or Group Ride"
"2018-05-03 12:00:10","Race or Group Ride"
"2018-05-04 11:44:48","Race or Group Ride"
"2018-05-05 11:50:41","Endurance Ride"
"2018-05-06 10:26:47","Endurance Ride"
"2018-05-07 12:10:25","Race or Group Ride"
"2018-05-08 11:04:14","Endurance Ride"
"2018-05-09 11:16:07","Race or Group Ride"
"2018-05-12 11:08:24","Race or Group Ride"
"2018-05-17 13:34:43","Endurance Ride"
"2018-05-18 15:21:57","Endurance Ride"
"2018-05-21 10:13:31","Endurance Ride"
"2018-05-22 09:17:46","Endurance Ride"
"2018-05-23 09:21:53","Endurance Ride"
"2018-05-26 16:51:02","Endurance Ride"
"2018-05-27 10:37:41","Race or Group Ride"
"2017-08-21 10:04:09","Race or Group Ride"
"2017-08-23 10:36:44","Endurance Ride"
"2018-05-01 12:08:45","Zone 3 Interval Training"
"2018-05-11 12:15:49","Race or Group Ride"
"2018-05-25 09:18:00","Endurance Ride"
"2018-06-04 14:28:25","Race or Group Ride"
"2018-06-05 10:22:17","Endurance Ride"
"2018-06-06 10:37:20","Race or Group Ride"
"2018-06-07 10:25:52","Zone 3 Interval Training"
"2018-06-09 10:41:06","Endurance Ride"
"2018-06-10 11:09:21","Race or Group Ride"
"2018-06-11 10:28:12","Endurance Ride"
"2018-06-13 10:29:42","Endurance Ride"
"2018-06-15 13:56:37","Endurance Ride"
"2018-06-16 15:08:54","Race or Group Ride"
"2018-06-18 12:30:43","Endurance Ride"
"2018-06-19 11:27:50","Endurance Ride"
"2018-06-20 09:43:56","Endurance Ride"
"2018-06-21 10:01:11","Endurance Ride"
"2018-06-23 09:52:08","Race or Group Ride"
"2018-06-24 09:59:23","Endurance Ride"
"2018-06-26 11:50:06","Race or Group Ride"
"2018-06-27 09:58:00","Endurance Ride"
"2018-06-28 09:22:47","Endurance Ride"
"2018-06-30 09:12:08","Endurance Ride"
"2018-07-01 09:14:41","Race or Group Ride"
"2018-07-04 10:46:39","Race or Group Ride"
"2018-07-05 10:45:53","Race or Group Ride"
"2018-07-06 10:57:55","Zone 3 Interval Training"
"2018-07-07 10:15:41","Race or Group Ride"
"2018-07-08 10:06:40","Endurance Ride"
"2018-07-09 10:19:54","Endurance Ride"
"2018-07-12 10:19:20","Endurance Ride"
"2018-07-13 11:00:56","Zone 3 Interval Training"
"2018-07-14 16:43:20","Endurance Ride"
"2018-07-15 09:34:16","Endurance Ride"
"2018-07-17 09:33:56","Endurance Ride"
"2018-07-26 11:30:21","Endurance Ride"
"2018-07-27 09:48:57","Endurance Ride"
"2018-07-29 10:25:32","Race or Group Ride"
"2018-07-30 16:54:35","Endurance Ride"
"2018-08-01 11:11:16","Endurance Ride"
"2018-08-02 10:44:30","Race or Group Ride"
"2018-08-03 10:53:33","Endurance Ride"
"2018-08-04 10:24:18","Endurance Ride"
"2018-08-05 10:30:13","Endurance Ride"
"2018-08-06 10:50:28","Race or Group Ride"
"2018-08-07 11:17:40","Zone 3 Interval Training"
"2018-08-09 11:31:38","Race or Group Ride"
"2018-08-12 09:10:43","Endurance Ride"
"2018-08-14 11:39:59","Endurance Ride"
"2018-08-16 09:20:15","Endurance Ride"
"2018-08-18 11:36:38","Endurance Ride"
"2018-08-19 10:35:04","Endurance Ride"
"2018-08-22 10:49:06","Race or Group Ride"
"2018-08-23 10:37:32","Endurance Ride"
"2018-08-24 11:25:16","Race or Group Ride"
"2018-08-26 11:06:22","Endurance Ride"
"2018-08-28 13:00:22","Race or Group Ride"
"2018-08-29 10:58:17","Endurance Ride"
"2018-08-31 16:29:40","Endurance Ride"
"2018-09-02 06:54:17","Race or Group Ride"
"2018-09-05 11:32:03","Endurance Ride"
"2018-09-20 10:59:05","Race or Group Ride"
"2018-09-24 10:44:52","Endurance Ride"
"2018-09-26 10:57:26","Race or Group Ride"
"2018-09-29 10:58:42","Race or Group Ride"
"2018-10-02 10:00:01","Endurance Ride"
"2018-10-03 11:21:29","Endurance Ride"
"2018-10-04 09:11:50","Endurance Ride"
"2018-10-05 12:39:22","Endurance Ride"
"2018-10-19 11:00:51","Endurance Ride"
"2018-10-20 10:10:15","Endurance Ride"
"2018-10-21 12:15:34","Race or Group Ride"
"2018-10-23 11:09:28","Endurance Ride"
"2018-10-25 09:14:08","Race or Group Ride"
"2018-10-27 11:29:21","Endurance Ride"
"2018-10-28 10:15:06","Race or Group Ride"
"2018-11-03 11:57:03","Endurance Ride"
"2018-11-04 11:35:14","Race or Group Ride"
"2018-11-06 10:20:03","Endurance Ride"
"2018-11-07 10:02:05","Race or Group Ride"
"2018-11-08 10:42:06","Endurance Ride"
"2018-11-14 10:57:47","Endurance Ride"
"2018-11-15 11:38:17","Endurance Ride"
"2018-12-24 10:33:56","Race or Group Ride"
"2018-12-25 10:40:31","Race or Group Ride"
"2018-12-26 10:23:28","Zone 3 Interval Training"
"2018-12-27 10:35:02","Race or Group Ride"
"2018-12-30 11:11:13","Endurance Ride"
"2018-12-31 11:40:28","Race or Group Ride"
"2019-01-02 11:07:24","Race or Group Ride"
"2019-01-04 12:14:14","Endurance Ride"
"2019-01-07 10:34:18","Endurance Ride"
"2019-01-09 11:30:12","Race or Group Ride"
"2019-01-10 10:05:14","Race or Group Ride"
"2019-01-14 11:26:13","Race or Group Ride"
"2019-01-15 10:05:17","Endurance Ride"
"2019-01-16 10:33:40","Race or Group Ride"
"2019-01-20 10:59:42","Race or Group Ride"
"2019-01-21 10:05:40","Endurance Ride"
"2019-03-02 10:54:21","Race or Group Ride"
"2019-03-05 10:05:37","Endurance Ride"
"2019-04-06 10:08:29","Endurance Ride"
"2019-04-07 07:09:57","Endurance Ride"
"2019-04-09 09:28:05","Race or Group Ride"
"2019-04-10 10:55:32","Endurance Ride"
"2019-04-11 11:34:56","Race or Group Ride"
"2019-04-12 10:34:37","Endurance Ride"
"2019-04-16 10:29:39","Endurance Ride"
"2019-04-18 11:23:23","Race or Group Ride"
"2019-04-19 10:48:18","Race or Group Ride"
"2019-04-20 10:18:11","Race or Group Ride"
"2019-04-21 10:46:51","Race or Group Ride"
"2019-04-23 09:45:53","Endurance Ride"
"2019-04-26 10:04:30","Endurance Ride"
"2019-04-28 09:59:35","Zone 4 Interval Training"
"2019-04-29 10:03:08","Race or Group Ride"
"2018-06-02 13:26:39","Endurance Ride"
"2018-06-03 10:54:11","Race or Group Ride"
"2019-02-26 10:44:29","Endurance Ride"
"2019-04-15 10:16:28","Race or Group Ride"
"2019-04-25 09:51:36","Race or Group Ride"
"2019-05-04 09:55:23","Endurance Ride"
"2019-05-05 09:02:43","Endurance Ride"
"2019-05-06 08:58:48","Race or Group Ride"
"2019-05-07 09:16:21","Endurance Ride"
"2019-05-08 09:07:47","Endurance Ride"
"2019-05-10 09:27:41","Endurance Ride"
"2019-05-15 09:31:18","Race or Group Ride"
"2019-05-16 10:51:04","Endurance Ride"
"2019-05-18 10:16:54","Endurance Ride"
"2019-05-19 10:26:02","Endurance Ride"
"2019-05-22 10:30:48","Race or Group Ride"
"2019-05-23 10:08:53","Race or Group Ride"
"2019-05-24 10:00:03","Race or Group Ride"
"2019-05-25 10:08:30","Endurance Ride"
"2019-05-26 09:45:03","Race or Group Ride"
"2019-05-28 10:19:04","Race or Group Ride"
"2019-05-29 10:06:11","Race or Group Ride"
"2019-06-01 09:23:18","Race or Group Ride"
"2019-06-02 09:40:49","Endurance Ride"
"2019-06-04 11:12:26","Race or Group Ride"
"2019-06-08 11:29:26","Endurance Ride"
"2019-06-09 10:33:23","Endurance Ride"
"2019-06-10 10:26:06","Endurance Ride"
"2019-06-11 11:07:56","Zone 4 Interval Training"
"2019-06-13 10:38:22","Race or Group Ride"
"2019-06-14 09:53:27","Race or Group Ride"
"2019-06-16 09:33:27","Endurance Ride"
"2019-06-17 08:34:07","Endurance Ride"
"2019-06-18 08:58:06","Endurance Ride"
"2019-06-19 09:36:05","Endurance Ride"
"2019-06-21 09:51:02","Race or Group Ride"
"2019-06-22 10:03:31","Endurance Ride"
"2019-06-23 09:59:33","Race or Group Ride"
"2019-06-24 09:59:53","Endurance Ride"
"2019-06-26 11:20:31","Endurance Ride"
"2019-06-27 10:21:42","Endurance Ride"
"2019-06-28 11:03:52","Endurance Ride"
"2019-06-29 09:48:54","Endurance Ride"
"2019-06-30 08:46:16","Endurance Ride"
"2019-07-02 10:30:44","Zone 4 Interval Training"
"2019-07-03 11:07:30","Race or Group Ride"
"2019-07-04 10:28:34","Race or Group Ride"
"2019-07-05 10:34:11","Race or Group Ride"
"2019-07-06 10:01:50","Race or Group Ride"
"2019-07-07 10:15:10","Race or Group Ride"
"2019-07-09 09:52:51","Race or Group Ride"
"2019-07-10 09:59:11","Race or Group Ride"
"2019-07-12 09:49:26","Race or Group Ride"
"2019-07-15 10:14:28","Race or Group Ride"
"2019-07-16 12:24:39","Race or Group Ride"
"2019-07-19 12:07:50","Zone 3 Interval Training"
"2019-07-21 09:49:27","Race or Group Ride"
"2019-07-22 10:29:06","Race or Group Ride"
"2019-07-23 10:03:24","Endurance Ride"
"2019-07-24 09:45:09","Endurance Ride"
"2019-07-26 09:28:35","Race or Group Ride"
"2019-07-29 09:55:03","Race or Group Ride"
"2019-07-30 10:16:31","Race or Group Ride"
"2019-07-31 11:05:04","Race or Group Ride"
"2019-08-02 10:01:24","Race or Group Ride"
"2019-08-03 10:30:08","Race or Group Ride"
"2019-08-04 10:09:11","Race or Group Ride"
"2019-08-06 10:23:25","Zone 3 Interval Training"
"2019-08-07 10:25:29","Race or Group Ride"
"2019-08-08 10:07:23","Endurance Ride"
"2019-08-09 10:50:59","Race or Group Ride"
"2019-08-12 08:54:17","Endurance Ride"
"2019-08-13 09:35:30","Endurance Ride"
"2019-08-14 09:33:24","Endurance Ride"
"2019-08-17 09:38:19","Zone 4 Interval Training"
"2019-08-19 10:25:32","Zone 3 Interval Training"
"2019-08-20 10:20:42","Endurance Ride"
"2019-08-21 09:40:30","Endurance Ride"
"2019-08-22 09:30:39","Endurance Ride"
"2019-08-23 09:15:21","Endurance Ride"
"2019-08-24 13:55:48","Endurance Ride"
"2019-08-25 09:28:26","Endurance Ride"
"2019-08-26 09:23:53","Endurance Ride"
"2019-08-27 09:01:00","Endurance Ride"
"2019-08-28 09:14:57","Race or Group Ride"
"2019-08-30 09:50:54","Endurance Ride"
"2019-09-01 09:42:45","Race or Group Ride"
"2019-09-04 10:54:45","Race or Group Ride"
"2019-09-05 10:21:56","Zone 3 Interval Training"
"2019-09-06 10:31:49","Race or Group Ride"
"2019-09-10 10:50:03","Zone 3 Interval Training"
"2019-09-11 10:16:03","Race or Group Ride"
"2019-09-13 10:12:34","Race or Group Ride"
"2019-09-14 10:14:40","Race or Group Ride"
"2019-09-15 10:21:20","Race or Group Ride"
"2019-09-17 10:18:35","Endurance Ride"
"2019-09-19 10:38:56","Race or Group Ride"
"2019-09-20 10:38:41","Race or Group Ride"
"2019-09-21 11:58:03","Race or Group Ride"
"2019-09-25 09:55:05","Race or Group Ride"
"2019-09-27 10:24:02","Race or Group Ride"
"2019-09-30 10:06:19","Endurance Ride"
"2019-10-02 10:27:53","Endurance Ride"
"2019-10-03 10:29:06","Endurance Ride"
"2019-10-07 10:06:24","Endurance Ride"
"2019-10-09 09:23:04","Endurance Ride"
"2019-10-10 10:14:01","Race or Group Ride"
"2019-10-12 10:38:04","Zone 3 Interval Training"
"2019-10-13 09:46:58","Race or Group Ride"
"2019-10-16 10:59:26","Race or Group Ride"
"2019-10-18 10:48:16","Race or Group Ride"
"2019-10-21 10:45:18","Race or Group Ride"
"2019-10-22 10:55:34","Race or Group Ride"
"2019-10-24 10:23:23","Race or Group Ride"
"2019-10-28 10:44:53","Endurance Ride"
"2019-05-01 09:13:51","Endurance Ride"
"2019-05-02 09:42:10","Race or Group Ride"
"2019-09-18 10:32:00","Zone 3 Interval Training"
"2019-10-06 10:05:11","Race or Group Ride"
"2019-10-23 11:16:27","Race or Group Ride"
"2013-07-01 11:29:30","Zone 6 Interval Training"
"2013-07-25 13:44:35","Race or Group Ride"
"2013-08-11 13:38:38","Race or Group Ride"
"2013-08-31 12:42:38","Race or Group Ride"
"2013-09-23 13:11:41","Race or Group Ride"
"2013-10-18 12:34:54","Race or Group Ride"
"2013-10-20 15:24:17","Race or Group Ride"
"2013-10-24 13:41:40","Zone 3 Interval Training"
"2013-12-27 13:19:39","Race or Group Ride"
"2014-02-15 14:07:57","Race or Group Ride"
"2014-03-18 13:57:19","Zone 4 Interval Training"
"2014-04-20 12:16:30","Zone 3 Interval Training"
"2014-06-08 11:05:59","Race or Group Ride"
"2014-07-19 17:54:58","Endurance Ride"
"2014-08-21 14:01:05","Endurance Ride"
"2014-09-15 15:07:57","Race or Group Ride"
"2015-02-25 11:12:35","Race or Group Ride"
"2015-04-07 12:35:11","Zone 4 Interval Training"
"2015-05-06 12:04:23","Race or Group Ride"
"2015-06-22 12:50:34","Race or Group Ride"
"2015-07-13 16:09:15","Zone 3 Interval Training"
"2015-08-12 13:41:40","Race or Group Ride"
"2015-08-14 15:18:52","Race or Group Ride"
"2015-08-19 14:52:43","Zone 3 Interval Training"
"2015-09-22 14:39:03","Race or Group Ride"
"2015-11-27 12:44:07","Zone 6 Interval Training"
"2015-12-17 12:41:16","Zone 3 Interval Training"
"2016-01-02 08:59:43","Race or Group Ride"
"2016-02-25 09:23:19","Race or Group Ride"
"2016-03-20 10:18:40","Race or Group Ride"
"2016-05-09 11:54:20","Endurance Ride"
"2016-05-11 11:23:10","Race or Group Ride"
"2016-05-16 11:53:51","Zone 3 Interval Training"
"2016-07-25 11:19:53","Race or Group Ride"
"2016-08-18 11:38:14","Race or Group Ride"
"2016-09-08 11:01:40","Endurance Ride"
"2016-09-20 11:01:06","Zone 3 Interval Training"
"2016-10-18 12:04:50","Zone 3 Interval Training"
"2016-12-02 11:38:26","Race or Group Ride"
"2016-12-08 11:38:34","Race or Group Ride"
"2017-01-17 10:31:31","Zone 3 Interval Training"
"2017-04-21 10:30:33","Zone 3 Interval Training"
"2017-05-15 10:52:14","Race or Group Ride"
"2017-06-08 10:47:13","Race or Group Ride"
"2017-06-27 10:32:40","Zone 3 Interval Training"
"2017-07-27 11:39:45","Race or Group Ride"
"2017-08-17 09:59:58","Zone 5 Interval Training"
"2017-08-20 10:15:11","Endurance Ride"
"2019-11-08 10:49:00","Endurance Ride"
"2019-11-09 10:57:45","Endurance Ride"
"2019-11-10 11:05:55","Endurance Ride"
"2019-11-15 10:37:34","Endurance Ride"
"2019-11-16 10:57:20","Endurance Ride"
"2019-11-20 11:07:59","Race or Group Ride"
"2019-11-21 10:25:47","Race or Group Ride"
"2019-11-23 10:33:42","Endurance Ride"
"2019-11-24 11:08:07","Race or Group Ride"
"2019-11-29 10:46:58","Zone 3 Interval Training"
"2019-12-03 12:12:36","Zone 3 Interval Training"
"2019-12-10 11:32:41","Race or Group Ride"
"2019-12-17 10:41:13","Race or Group Ride"
"2019-12-18 10:44:23","Endurance Ride"
"2019-12-19 11:28:59","Endurance Ride"
"2019-12-27 10:48:38","Endurance Ride"
"2019-12-30 11:09:57","Zone 4 Interval Training"
"2019-12-31 10:46:47","Race or Group Ride"
"2020-01-04 10:59:30","Race or Group Ride"
"2020-01-11 10:46:03","Race or Group Ride"
"2020-01-12 10:54:26","Race or Group Ride"
"2020-01-13 10:42:12","Race or Group Ride"
"2020-01-15 09:52:51","Race or Group Ride"
"2020-01-16 11:06:00","Race or Group Ride"
"2020-01-19 11:45:59","Race or Group Ride"
"2020-01-20 09:28:31","Endurance Ride"
"2020-01-21 10:15:29","Endurance Ride"
"2020-01-22 10:07:53","Endurance Ride"
"2020-02-22 08:54:54","Endurance Ride"
"2020-02-24 09:04:35","Endurance Ride"
"2020-02-25 09:27:45","Endurance Ride"
"2020-02-27 09:35:44","Endurance Ride"
"2020-02-28 09:29:15","Race or Group Ride"
"2020-03-01 09:45:25","Race or Group Ride"
"2020-03-03 11:34:57","Race or Group Ride"
"2020-03-07 10:49:20","Endurance Ride"
"2020-03-08 10:17:13","Endurance Ride"
"2020-03-15 10:58:56","Endurance Ride"
"2020-03-17 10:19:11","Endurance Ride"
"2020-03-19 10:38:04","Race or Group Ride"
"2020-03-20 10:50:12","Endurance Ride"
"2020-03-21 10:37:25","Race or Group Ride"
"2020-03-22 10:34:52","Race or Group Ride"
"2020-03-26 10:47:34","Endurance Ride"
"2020-03-27 10:33:47","Race or Group Ride"
"2020-03-28 10:39:41","Race or Group Ride"
"2020-04-01 09:50:26","Race or Group Ride"
"2020-04-02 09:38:04","Race or Group Ride"
"2013-05-12 16:14:21","Race or Group Ride"
"2013-06-09 13:05:00","Race or Group Ride"
"2016-01-29 09:34:39","Race or Group Ride"
"2016-07-09 10:03:05","Endurance Ride"
"2017-09-05 09:54:07","Race or Group Ride"
"2017-10-15 10:41:18","Race or Group Ride"
"2017-11-16 10:43:35","Race or Group Ride"
"2018-02-01 10:24:55","Zone 3 Interval Training"
"2018-03-09 10:47:51","Zone 3 Interval Training"
"2018-04-21 13:46:03","Race or Group Ride"
"2018-05-14 11:14:25","Race or Group Ride"
"2018-05-28 12:26:54","Endurance Ride"
"2018-05-31 10:25:15","Zone 3 Interval Training"
"2019-10-30 10:42:58","Endurance Ride"
"2019-11-07 10:40:33","Endurance Ride"
"2020-03-16 10:36:06","Race or Group Ride"
"2020-03-29 11:34:07","Zone 3 Interval Training"
"2017-06-21 07:59:49","Type 3: Endurance Ride"
"2017-06-22 07:30:36","Type 1a: Zone 3 Interval Training"
"2017-06-23 17:43:12","Type 4: Race or Group Ride"
"2017-06-24 09:25:28","Type 4: Race or Group Ride"
"2017-06-26 15:59:59","Type 4: Race or Group Ride"
"2017-06-27 10:31:10","Type 4: Race or Group Ride"
"2017-06-28 10:27:01","Type 4: Race or Group Ride"
"2017-06-29 09:23:56","Type 4: Race or Group Ride"
"2017-06-30 10:13:42","Type 4: Race or Group Ride"
"2017-07-01 10:45:36","Type 4: Race or Group Ride"
"2017-07-02 09:52:46","Type 4: Race or Group Ride"
"2017-07-03 16:51:19","Type 4: Race or Group Ride"
"2017-07-04 09:50:17","Type 4: Race or Group Ride"
"2017-07-05 07:00:50","Type 4: Race or Group Ride"
"2017-07-06 10:30:19","Type 4: Race or Group Ride"
"2017-07-08 10:25:33","Type 4: Race or Group Ride"
"2017-07-09 09:25:00","Type 4: Race or Group Ride"
"2017-07-10 10:22:30","Type 4: Race or Group Ride"
"2017-07-11 10:22:11","Type 3: Endurance Ride"
"2017-07-12 08:06:17","Type 4: Race or Group Ride"
"2017-07-13 08:29:41","Type 4: Race or Group Ride"
"2017-07-13 14:33:32","Type 4: Race or Group Ride"
"2017-07-13 17:33:30","Type 4: Race or Group Ride"
"2017-07-14 07:06:25","Type 3: Endurance Ride"
"2017-07-15 15:22:01","Type 4: Race or Group Ride"
"2017-07-18 15:51:38","Type 4: Race or Group Ride"
"2017-07-19 09:19:25","Type 4: Race or Group Ride"
"2017-07-20 09:12:40","Type 4: Race or Group Ride"
"2017-07-21 13:00:36","Type 3: Endurance Ride"
"2017-07-21 18:28:47","Type 1a: Zone 3 Interval Training"
"2017-07-22 08:15:05","Type 4: Race or Group Ride"
"2017-07-23 07:44:50","Type 4: Race or Group Ride"
"2017-07-24 10:36:58","Type 3: Endurance Ride"
"2017-07-25 10:08:35","Type 4: Race or Group Ride"
"2017-07-25 14:02:08","Type 4: Race or Group Ride"
"2017-07-26 10:29:46","Type 4: Race or Group Ride"
"2017-07-26 10:31:29","Type 4: Race or Group Ride"
"2017-07-27 09:00:04","Type 4: Race or Group Ride"
"2017-07-28 11:58:33","Type 3: Endurance Ride"
"2017-08-02 09:32:46","Type 4: Race or Group Ride"
"2017-08-02 12:59:09","Type 2: Recovery Ride"
"2017-08-03 09:51:35","Type 4: Race or Group Ride"
"2017-08-03 12:08:20","Type 2: Recovery Ride"
"2017-08-07 09:00:18","Type 4: Race or Group Ride"
"2017-08-07 18:04:11","Type 4: Race or Group Ride"
"2017-08-08 09:03:23","Type 1a: Zone 3 Interval Training"
"2017-08-09 09:52:47","Type 2: Recovery Ride"
"2017-08-09 15:59:47","Type 1d: Zone 6 Interval Training"
"2017-08-11 09:50:24","Type 2: Recovery Ride"
"2017-08-11 15:58:05","Type 4: Race or Group Ride"
"2017-02-01 14:48:14","Type 4: Race or Group Ride"
"2017-02-04 13:45:56","Type 4: Race or Group Ride"
"2017-02-06 15:31:55","Type 4: Race or Group Ride"
"2017-02-07 15:03:11","Type 4: Race or Group Ride"
"2017-02-10 12:34:00","Type 4: Race or Group Ride"
"2017-02-11 09:32:10","Type 4: Race or Group Ride"
"2017-02-15 15:05:14","Type 4: Race or Group Ride"
"2017-02-18 08:38:56","Type 4: Race or Group Ride"
"2017-02-19 09:53:59","Type 4: Race or Group Ride"
"2017-02-20 15:18:10","Type 4: Race or Group Ride"
"2017-02-22 15:03:45","Type 4: Race or Group Ride"
"2017-02-23 08:02:37","Type 1c: Zone 5 Interval Training"
"2017-02-24 07:48:24","Type 3: Endurance Ride"
"2017-02-27 15:09:01","Type 4: Race or Group Ride"
"2017-03-01 14:42:53","Type 1a: Zone 3 Interval Training"
"2017-03-02 14:59:41","Type 4: Race or Group Ride"
"2017-03-03 08:21:28","Type 2: Recovery Ride"
"2017-03-04 10:13:00","Type 4: Race or Group Ride"
"2017-05-03 15:41:33","Type 4: Race or Group Ride"
"2017-05-04 08:17:38","Type 4: Race or Group Ride"
"2017-05-06 08:40:37","Type 4: Race or Group Ride"
"2017-05-08 15:07:23","Type 4: Race or Group Ride"
"2017-05-09 12:45:59","Type 4: Race or Group Ride"
"2017-05-10 15:13:18","Type 4: Race or Group Ride"
"2017-05-13 10:24:16","Type 4: Race or Group Ride"
"2017-05-14 09:50:27","Type 4: Race or Group Ride"
"2017-05-16 18:52:23","Type 4: Race or Group Ride"
"2017-05-17 18:47:11","Type 4: Race or Group Ride"
"2017-05-18 12:33:48","Type 4: Race or Group Ride"
"2017-05-20 18:45:54","Type 4: Race or Group Ride"
"2017-05-22 14:28:44","Type 4: Race or Group Ride"
"2017-05-24 10:05:22","Type 4: Race or Group Ride"
"2017-05-25 09:40:37","Type 4: Race or Group Ride"
"2017-05-25 19:05:07","Type 4: Race or Group Ride"
"2017-05-26 11:15:43","Type 4: Race or Group Ride"
"2017-05-30 08:11:01","Type 4: Race or Group Ride"
"2017-06-01 09:16:14","Type 4: Race or Group Ride"
"2017-06-02 11:48:12","Type 4: Race or Group Ride"
"2017-06-03 09:55:09","Type 4: Race or Group Ride"
"2017-06-04 09:26:23","Type 4: Race or Group Ride"
"2017-06-07 17:27:38","Type 4: Race or Group Ride"
"2017-06-09 11:34:49","Type 4: Race or Group Ride"
"2017-06-11 07:54:51","Type 4: Race or Group Ride"
"2017-06-12 18:26:16","Type 1a: Zone 3 Interval Training"
"2017-06-13 10:16:10","Type 4: Race or Group Ride"
"2017-06-14 08:53:51","Type 4: Race or Group Ride"
"2017-06-16 09:54:17","Type 4: Race or Group Ride"
"2017-06-20 10:57:51","Type 4: Race or Group Ride"
"2018-07-16 15:10:53","Race or Group Ride"
"2018-08-21 10:26:36","Endurance Ride"
"2018-09-22 11:19:01","Zone 3 Interval Training"
"2018-11-20 11:52:59","Race or Group Ride"
"2019-02-27 10:36:07","Race or Group Ride"
"2019-04-24 10:06:41","Race or Group Ride"
"2019-04-30 09:35:30","Race or Group Ride"
"2019-05-12 09:17:01","Endurance Ride"
"2019-05-31 10:21:07","Race or Group Ride"
"2019-06-25 10:38:40","Race or Group Ride"
"2019-08-16 10:19:00","Endurance Ride"
"2019-08-31 09:41:30","Race or Group Ride"
"2019-09-24 09:21:26","Zone 3 Interval Training"
"2019-11-14 10:38:18","Race or Group Ride"
"2020-01-06 10:43:26","Race or Group Ride"
"2020-03-14 10:27:07","Race or Group Ride"
"2018-06-25 11:46:33","Race or Group Ride"
"2017-11-10 07:52:08","Type 4: Race or Group Ride"
"2017-11-12 07:52:55","Type 4: Race or Group Ride"
"2017-11-14 19:25:49","Type 2: Recovery Ride"
"2017-11-15 13:59:14","Type 4: Race or Group Ride"
"2017-11-16 14:15:51","Type 3: Endurance Ride"
"2017-11-17 11:32:28","Type 3: Endurance Ride"
"2017-11-18 08:39:09","Type 4: Race or Group Ride"
"2017-11-21 10:33:36","Type 3: Endurance Ride"
"2017-11-22 14:11:35","Type 3: Endurance Ride"
"2017-11-23 14:11:48","Type 1a: Zone 3 Interval Training"
"2017-11-24 10:20:00","Type 4: Race or Group Ride"
"2017-11-25 08:54:47","Type 4: Race or Group Ride"
"2017-11-28 11:55:34","Type 4: Race or Group Ride"
"2017-11-30 12:55:32","Type 4: Race or Group Ride"
"2017-12-01 09:10:04","Type 3: Endurance Ride"
"2017-12-02 10:08:39","Type 4: Race or Group Ride"
"2017-12-03 08:41:27","Type 3: Endurance Ride"
"2017-12-06 08:40:54","Type 2: Recovery Ride"
"2017-12-06 10:19:34","Type 1a: Zone 3 Interval Training"
"2017-12-07 08:11:52","Type 2: Recovery Ride"
"2017-12-07 10:10:25","Type 4: Race or Group Ride"
"2017-12-08 10:04:07","Type 4: Race or Group Ride"
"2017-12-09 10:13:34","Type 1a: Zone 3 Interval Training"
"2017-12-10 09:02:59","Type 4: Race or Group Ride"
"2017-12-11 06:11:06","Type 2: Recovery Ride"
"2017-12-13 13:43:54","Type 3: Endurance Ride"
"2017-12-15 10:35:29","Type 4: Race or Group Ride"
"2017-12-16 09:26:33","Type 3: Endurance Ride"
"2017-12-17 08:17:48","Type 3: Endurance Ride"
"2017-12-18 15:22:54","Type 4: Race or Group Ride"
"2017-12-19 13:52:53","Type 4: Race or Group Ride"
"2017-12-20 14:01:36","Type 3: Endurance Ride"
"2017-12-21 12:49:36","Type 3: Endurance Ride"
"2017-12-22 09:22:18","Type 3: Endurance Ride"
"2017-12-23 10:21:36","Type 4: Race or Group Ride"
"2017-12-23 14:01:37","Type 2: Recovery Ride"
"2017-12-24 09:34:29","Type 3: Endurance Ride"
"2017-12-25 10:18:35","Type 4: Race or Group Ride"
"2017-12-26 10:38:51","Type 4: Race or Group Ride"
"2017-12-26 14:10:40","Type 4: Race or Group Ride"
"2017-12-27 10:38:32","Type 3: Endurance Ride"
"2017-12-28 10:20:07","Type 3: Endurance Ride"
"2017-12-28 17:33:26","Type 2: Recovery Ride"
"2017-12-29 06:59:22","Type 2: Recovery Ride"
"2017-12-30 09:43:27","Type 3: Endurance Ride"
"2017-12-31 09:02:19","Type 4: Race or Group Ride"
"2018-01-01 10:33:53","Type 4: Race or Group Ride"
"2018-01-02 09:56:24","Type 4: Race or Group Ride"
"2018-01-03 09:18:17","Type 2: Recovery Ride"
"2018-01-03 11:57:55","Type 3: Endurance Ride"
"2018-01-04 09:59:03","Type 3: Endurance Ride"
"2018-01-05 09:12:43","Type 1a: Zone 3 Interval Training"
"2018-01-06 07:19:19","Type 2: Recovery Ride"
"2018-01-06 09:31:39","Type 4: Race or Group Ride"
"2018-01-07 08:08:27","Type 4: Race or Group Ride"
"2018-01-09 12:03:32","Type 3: Endurance Ride"
"2018-01-10 10:21:40","Type 3: Endurance Ride"
"2018-01-11 08:18:08","Type 2: Recovery Ride"
"2018-01-11 09:51:20","Type 4: Race or Group Ride"
"2018-01-12 11:57:42","Type 4: Race or Group Ride"
"2018-01-13 08:32:28","Type 3: Endurance Ride"
"2018-01-13 11:20:44","Type 3: Endurance Ride"
"2018-01-14 08:04:26","Type 4: Race or Group Ride"
"2018-01-15 11:33:43","Type 4: Race or Group Ride"
"2018-01-16 08:09:54","Type 3: Endurance Ride"
"2018-01-17 09:43:41","Type 3: Endurance Ride"
"2018-01-19 07:48:50","Type 2: Recovery Ride"
"2018-01-19 09:36:25","Type 3: Endurance Ride"
"2018-01-20 10:10:59","Type 4: Race or Group Ride"
"2018-01-21 09:57:40","Type 4: Race or Group Ride"
"2018-01-22 12:59:43","Type 3: Endurance Ride"
"2018-01-23 13:17:25","Type 1b: Zone 4 Interval Training"
"2018-01-24 10:42:01","Type 4: Race or Group Ride"
"2018-01-25 10:32:28","Type 4: Race or Group Ride"
"2018-01-26 10:15:06","Type 4: Race or Group Ride"
"2018-01-27 10:15:53","Type 4: Race or Group Ride"
"2018-01-28 08:52:22","Type 4: Race or Group Ride"
"2018-01-29 05:34:12","Type 2: Recovery Ride"
"2018-01-29 13:47:41","Type 3: Endurance Ride"
"2018-01-30 14:33:34","Type 3: Endurance Ride"
"2018-01-31 14:11:33","Type 3: Endurance Ride"
"2018-02-01 09:34:12","Type 3: Endurance Ride"
"2018-02-02 12:55:20","Type 3: Endurance Ride"
"2018-02-03 07:35:16","Type 4: Race or Group Ride"
"2018-02-05 14:57:34","Type 3: Endurance Ride"
"2018-02-07 16:59:58","Type 3: Endurance Ride"
"2018-02-08 11:26:13","Type 3: Endurance Ride"
"2018-02-09 13:21:09","Type 3: Endurance Ride"
"2018-02-10 12:07:40","Type 3: Endurance Ride"
"2018-02-10 15:03:19","Type 2: Recovery Ride"
"2018-02-10 15:33:08","Type 4: Race or Group Ride"
"2018-02-10 17:23:59","Type 3: Endurance Ride"
"2018-02-13 08:39:46","Type 4: Race or Group Ride"
"2018-02-14 11:09:34","Type 4: Race or Group Ride"
"2018-02-15 11:38:00","Type 3: Endurance Ride"
"2018-02-16 15:09:35","Type 4: Race or Group Ride"
"2018-02-17 07:17:35","Type 4: Race or Group Ride"
"2018-02-18 09:37:17","Type 4: Race or Group Ride"
"2018-02-19 15:35:28","Type 3: Endurance Ride"
"2018-02-21 11:01:24","Type 4: Race or Group Ride"
"2018-02-21 15:47:59","Type 3: Endurance Ride"
"2018-02-21 18:14:02","Type 3: Endurance Ride"
"2018-02-22 06:10:58","Type 2: Recovery Ride"
"2018-02-22 10:55:25","Type 4: Race or Group Ride"
"2018-02-24 09:59:13","Type 4: Race or Group Ride"
"2018-02-25 09:44:41","Type 4: Race or Group Ride"
"2018-02-26 08:17:15","Type 3: Endurance Ride"
"2018-03-02 19:14:55","Type 3: Endurance Ride"
"2018-03-03 17:21:38","Type 3: Endurance Ride"
"2018-03-05 10:03:33","Type 1a: Zone 3 Interval Training"
"2018-03-05 16:05:20","Type 2: Recovery Ride"
"2018-03-06 11:01:04","Type 3: Endurance Ride"
"2018-03-06 16:08:52","Type 2: Recovery Ride"
"2018-03-07 13:25:36","Type 4: Race or Group Ride"
"2018-03-08 10:09:29","Type 3: Endurance Ride"
"2018-03-08 15:07:37","Type 4: Race or Group Ride"
"2018-03-09 12:33:35","Type 4: Race or Group Ride"
"2018-03-10 14:57:09","Type 4: Race or Group Ride"
"2018-03-11 09:56:28","Type 4: Race or Group Ride"
"2018-03-14 10:49:26","Type 4: Race or Group Ride"
"2018-03-16 10:00:30","Type 2: Recovery Ride"
"2018-03-18 18:16:39","Type 2: Recovery Ride"
"2018-03-18 19:53:37","Type 2: Recovery Ride"
"2018-03-19 10:04:48","Type 3: Endurance Ride"
"2018-03-19 19:12:06","Type 2: Recovery Ride"
"2018-03-20 17:47:21","Type 4: Race or Group Ride"
"2018-03-21 11:53:12","Type 4: Race or Group Ride"
"2018-03-21 13:08:52","Type 4: Race or Group Ride"
"2018-03-22 10:29:39","Type 3: Endurance Ride"
"2018-03-22 15:39:24","Type 3: Endurance Ride"
"2018-03-23 12:51:26","Type 3: Endurance Ride"
"2018-03-24 09:20:12","Type 4: Race or Group Ride"
"2018-03-25 10:00:07","Type 4: Race or Group Ride"
"2018-03-25 12:26:59","Type 2: Recovery Ride"
"2018-03-27 10:53:34","Type 3: Endurance Ride"
"2018-03-28 11:25:21","Type 4: Race or Group Ride"
"2018-03-29 11:12:34","Type 3: Endurance Ride"
"2018-03-30 10:29:19","Type 4: Race or Group Ride"
"2018-03-31 09:12:47","Type 2: Recovery Ride"
"2018-04-05 10:49:19","Type 4: Race or Group Ride"
"2018-04-16 09:14:42","Type 4: Race or Group Ride"
"2018-04-17 17:39:42","Type 3: Endurance Ride"
"2018-04-18 11:25:34","Type 4: Race or Group Ride"
"2018-04-19 10:17:48","Type 4: Race or Group Ride"
"2018-04-20 12:26:57","Type 2: Recovery Ride"
"2018-04-21 09:45:13","Type 4: Race or Group Ride"
"2018-04-22 08:45:35","Type 4: Race or Group Ride"
"2018-04-23 16:26:46","Type 4: Race or Group Ride"
"2018-04-24 15:37:47","Type 3: Endurance Ride"
"2018-04-25 11:15:36","Type 4: Race or Group Ride"
"2018-04-26 08:42:33","Type 4: Race or Group Ride"
"2018-04-27 16:49:45","Type 3: Endurance Ride"
"2018-04-28 09:16:44","Type 3: Endurance Ride"
"2018-04-29 09:48:51","Type 4: Race or Group Ride"
"2018-04-30 09:07:30","Type 3: Endurance Ride"
"2018-04-30 17:17:09","Type 3: Endurance Ride"
"2018-05-01 08:02:29","Type 4: Race or Group Ride"
"2018-05-01 17:12:32","Type 4: Race or Group Ride"
"2018-05-02 11:07:23","Type 4: Race or Group Ride"
"2018-05-03 10:25:32","Type 4: Race or Group Ride"
"2018-05-04 17:15:48","Type 1a: Zone 3 Interval Training"
"2018-05-05 09:07:11","Type 4: Race or Group Ride"
"2018-05-06 09:38:53","Type 4: Race or Group Ride"
"2018-05-08 17:16:39","Type 3: Endurance Ride"
"2018-05-09 11:11:25","Type 4: Race or Group Ride"
"2018-05-10 13:45:36","Type 3: Endurance Ride"
"2018-05-11 18:25:19","Type 4: Race or Group Ride"
"2018-05-12 15:03:32","Type 1a: Zone 3 Interval Training"
"2018-05-13 10:30:11","Type 4: Race or Group Ride"
"2018-05-15 11:39:38","Type 3: Endurance Ride"
"2018-05-15 13:31:50","Type 1a: Zone 3 Interval Training"
"2018-05-16 17:53:34","Type 3: Endurance Ride"
"2018-05-17 09:31:21","Type 4: Race or Group Ride"
"2018-05-18 13:26:48","Type 4: Race or Group Ride"
"2018-05-19 14:07:49","Type 4: Race or Group Ride"
"2018-05-20 10:09:40","Type 4: Race or Group Ride"
"2018-05-21 11:15:34","Type 4: Race or Group Ride"
"2018-05-22 16:08:35","Type 4: Race or Group Ride"
"2018-05-24 17:55:32","Type 3: Endurance Ride"
"2018-05-25 09:50:24","Type 3: Endurance Ride"
"2018-05-26 16:07:59","Type 4: Race or Group Ride"
"2018-05-27 10:06:29","Type 4: Race or Group Ride"
"2018-05-30 08:52:16","Type 3: Endurance Ride"
"2018-05-30 18:37:26","Type 4: Race or Group Ride"
"2018-05-31 11:41:29","Type 4: Race or Group Ride"
"2018-06-03 10:02:19","Type 4: Race or Group Ride"
"2018-06-04 11:03:23","Type 3: Endurance Ride"
"2018-06-05 08:12:16","Type 4: Race or Group Ride"
"2018-06-06 10:09:18","Type 4: Race or Group Ride"
"2018-06-07 09:32:12","Type 4: Race or Group Ride"
"2018-06-08 16:05:39","Type 4: Race or Group Ride"
"2018-06-09 14:00:33","Type 4: Race or Group Ride"
"2018-06-10 10:36:43","Type 4: Race or Group Ride"
"2018-06-11 15:27:52","Type 4: Race or Group Ride"
"2018-06-12 16:01:55","Type 4: Race or Group Ride"
"2018-06-13 15:59:40","Type 4: Race or Group Ride"
"2018-06-15 12:27:27","Type 4: Race or Group Ride"
"2018-06-16 14:00:34","Type 4: Race or Group Ride"
"2018-06-19 11:44:58","Type 3: Endurance Ride"
"2018-06-20 07:01:39","Type 1a: Zone 3 Interval Training"
"2018-07-31 09:24:05","Type 4: Race or Group Ride"
"2018-08-02 10:48:48","Type 4: Race or Group Ride"
"2018-08-04 07:25:47","Type 4: Race or Group Ride"
"2018-08-05 16:39:07","Type 3: Endurance Ride"
"2018-08-07 10:41:42","Type 3: Endurance Ride"
"2018-08-08 09:42:33","Type 4: Race or Group Ride"
"2018-08-09 09:44:00","Type 4: Race or Group Ride"
"2018-08-10 08:59:53","Type 4: Race or Group Ride"
"2018-08-10 13:49:22","Type 2: Recovery Ride"
"2018-08-11 11:45:33","Type 4: Race or Group Ride"
"2018-08-11 13:25:42","Type 2: Recovery Ride"
"2018-08-14 11:35:42","Type 3: Endurance Ride"
"2018-08-15 08:09:51","Type 4: Race or Group Ride"
"2018-08-20 11:23:20","Type 3: Endurance Ride"
"2018-08-21 10:02:56","Type 4: Race or Group Ride"
"2018-08-22 10:44:54","Type 4: Race or Group Ride"
"2018-08-23 10:11:11","Type 4: Race or Group Ride"
"2018-08-27 20:02:44","Type 4: Race or Group Ride"
"2018-08-28 11:55:55","Type 3: Endurance Ride"
"2018-08-29 09:28:41","Type 4: Race or Group Ride"
"2018-08-30 09:26:44","Type 4: Race or Group Ride"
"2018-08-31 10:15:16","Type 3: Endurance Ride"
"2018-08-31 18:19:24","Type 4: Race or Group Ride"
"2018-09-01 09:29:28","Type 4: Race or Group Ride"
"2018-09-02 09:54:52","Type 3: Endurance Ride"
"2018-09-03 08:34:12","Type 3: Endurance Ride"
"2018-09-04 08:30:01","Type 3: Endurance Ride"
"2018-09-05 08:21:56","Type 3: Endurance Ride"
"2018-09-06 09:44:49","Type 3: Endurance Ride"
"2018-09-07 11:14:38","Type 3: Endurance Ride"
"2018-09-08 19:04:43","Type 4: Race or Group Ride"
"2018-09-09 10:15:43","Type 4: Race or Group Ride"
"2018-09-12 08:11:32","Type 4: Race or Group Ride"
"2018-09-15 10:01:57","Type 4: Race or Group Ride"
"2018-09-17 10:37:27","Type 4: Race or Group Ride"
"2018-10-02 17:05:44","Type 3: Endurance Ride"
"2018-10-03 12:21:42","Type 4: Race or Group Ride"
"2018-10-04 17:26:04","Type 4: Race or Group Ride"
"2018-10-06 08:04:42","Type 4: Race or Group Ride"
"2018-10-11 17:16:04","Type 4: Race or Group Ride"
"2018-10-13 09:23:22","Type 3: Endurance Ride"
"2018-10-14 10:27:57","Type 1a: Zone 3 Interval Training"
"2018-10-20 10:29:31","Type 3: Endurance Ride"
"2018-10-21 08:30:46","Type 3: Endurance Ride"
"2018-10-23 15:48:04","Type 4: Race or Group Ride"
"2018-10-24 16:11:36","Type 4: Race or Group Ride"
"2018-10-26 09:24:10","Type 3: Endurance Ride"
"2018-10-28 08:47:25","Type 1a: Zone 3 Interval Training"
"2018-10-31 15:42:23","Type 3: Endurance Ride"
"2018-11-01 10:49:48","Type 1b: Zone 4 Interval Training"
"2018-11-03 11:36:34","Type 1d: Zone 6 Interval Training"
"2018-11-04 08:37:23","Type 4: Race or Group Ride"
"2018-11-04 13:05:19","Type 4: Race or Group Ride"
"2018-11-04 15:56:28","Type 2: Recovery Ride"
"2018-11-08 16:05:43","Type 4: Race or Group Ride"
"2018-11-09 09:49:42","Type 4: Race or Group Ride"
"2018-11-10 09:32:21","Type 4: Race or Group Ride"
"2018-11-11 08:38:03","Type 4: Race or Group Ride"
"2018-07-27 19:15:38","Type 2: Recovery Ride"
"2018-07-27 19:32:21","Type 2: Recovery Ride"
"2018-07-29 12:39:38","Type 4: Race or Group Ride"
"2018-07-30 17:05:18","Type 4: Race or Group Ride"
"2018-07-30 18:06:23","Type 2: Recovery Ride"
"2018-07-30 18:27:02","Type 4: Race or Group Ride"
"2018-08-01 18:41:15","Type 1a: Zone 3 Interval Training"
"2018-08-02 17:01:14","Type 2: Recovery Ride"
"2018-08-04 12:28:50","Type 4: Race or Group Ride"
"2018-08-06 19:35:53","Type 1b: Zone 4 Interval Training"
"2018-08-09 17:55:04","Type 4: Race or Group Ride"
"2018-08-13 18:59:58","Type 1b: Zone 4 Interval Training"
"2018-08-17 19:20:00","Type 4: Race or Group Ride"
"2018-08-26 16:09:06","Type 4: Race or Group Ride"
"2018-08-27 18:40:30","Type 2: Recovery Ride"
"2018-08-29 18:02:24","Type 4: Race or Group Ride"
"2018-09-03 19:47:14","Type 2: Recovery Ride"
"2018-09-04 18:06:10","Type 3: Endurance Ride"
"2018-09-05 20:00:40","Type 3: Endurance Ride"
"2018-09-08 15:51:06","Type 2: Recovery Ride"
"2018-09-10 21:32:16","Type 4: Race or Group Ride"
"2018-09-17 20:52:18","Type 4: Race or Group Ride"
"2018-09-18 19:42:52","Type 2: Recovery Ride"
"2018-09-20 18:36:30","Type 1a: Zone 3 Interval Training"
"2018-09-24 17:27:39","Type 4: Race or Group Ride"
"2018-09-25 17:58:47","Type 4: Race or Group Ride"
"2018-09-26 20:08:50","Type 3: Endurance Ride"
"2018-09-29 17:37:38","Type 4: Race or Group Ride"
"2018-09-30 16:55:37","Type 3: Endurance Ride"
"2018-10-01 17:39:08","Type 3: Endurance Ride"
"2018-10-04 18:13:03","Type 4: Race or Group Ride"
"2018-10-07 14:34:21","Type 3: Endurance Ride"
"2018-10-08 18:19:14","Type 4: Race or Group Ride"
"2018-10-11 19:12:50","Type 4: Race or Group Ride"
"2018-10-17 18:28:58","Type 4: Race or Group Ride"
"2018-10-20 14:25:54","Type 4: Race or Group Ride"
"2018-10-21 18:17:55","Type 2: Recovery Ride"
"2018-10-22 21:21:31","Type 2: Recovery Ride"
"2018-10-28 13:22:19","Type 4: Race or Group Ride"
"2018-10-30 18:53:13","Type 4: Race or Group Ride"
"2018-11-05 17:21:29","Type 1a: Zone 3 Interval Training"
"2018-11-07 18:47:29","Type 1b: Zone 4 Interval Training"
"2018-11-10 12:51:16","Type 4: Race or Group Ride"
"2018-11-17 14:32:15","Type 1a: Zone 3 Interval Training"
"2020-05-03 07:31:31","Type 4: Race or Group Ride"
"2016-12-03 10:01:29","Type 4: Race or Group Ride"
"2016-12-04 09:28:27","Type 2: Recovery Ride"
"2016-12-05 16:22:28","Type 2: Recovery Ride"
"2016-12-06 09:25:46","Type 2: Recovery Ride"
"2016-12-07 18:38:07","Type 4: Race or Group Ride"
"2016-12-09 18:45:41","Type 3: Endurance Ride"
"2016-12-10 14:19:37","Type 4: Race or Group Ride"
"2016-12-10 14:50:27","Type 2: Recovery Ride"
"2016-12-11 16:03:00","Type 3: Endurance Ride"
"2016-12-14 08:58:06","Type 2: Recovery Ride"
"2016-12-15 09:21:29","Type 2: Recovery Ride"
"2016-12-16 09:07:36","Type 2: Recovery Ride"
"2016-12-17 19:30:07","Type 3: Endurance Ride"
"2016-12-18 15:51:06","Type 2: Recovery Ride"
"2016-12-19 15:55:20","Type 3: Endurance Ride"
"2016-12-21 19:04:07","Type 2: Recovery Ride"
"2016-12-22 20:30:54","Type 1a: Zone 3 Interval Training"
"2016-12-24 15:31:30","Type 3: Endurance Ride"
"2016-12-25 14:09:23","Type 2: Recovery Ride"
"2016-12-26 14:37:27","Type 2: Recovery Ride"
"2016-12-28 09:25:15","Type 3: Endurance Ride"
"2016-12-31 08:44:41","Type 3: Endurance Ride"
"2017-01-01 13:48:12","Type 2: Recovery Ride"
"2017-01-03 18:59:50","Type 3: Endurance Ride"
"2017-01-04 18:58:56","Type 3: Endurance Ride"
"2017-01-07 09:04:01","Type 2: Recovery Ride"
"2017-01-08 08:32:23","Type 3: Endurance Ride"
"2017-01-09 09:48:12","Type 4: Race or Group Ride"
"2017-01-10 08:46:51","Type 2: Recovery Ride"
"2017-01-12 10:03:47","Type 2: Recovery Ride"
"2017-01-13 09:05:22","Type 2: Recovery Ride"
"2017-01-14 09:16:03","Type 3: Endurance Ride"
"2017-01-15 15:07:00","Type 3: Endurance Ride"
"2017-01-17 17:57:52","Type 3: Endurance Ride"
"2017-01-18 19:41:30","Type 4: Race or Group Ride"
"2017-01-19 19:13:35","Type 2: Recovery Ride"
"2017-01-20 19:26:32","Type 2: Recovery Ride"
"2017-01-21 15:12:59","Type 3: Endurance Ride"
"2017-01-23 08:44:14","Type 2: Recovery Ride"
"2017-01-24 08:41:25","Type 2: Recovery Ride"
"2017-01-25 09:08:17","Type 3: Endurance Ride"
"2017-01-27 09:39:26","Type 3: Endurance Ride"
"2017-01-28 15:46:50","Type 3: Endurance Ride"
"2017-01-30 19:02:17","Type 4: Race or Group Ride"
"2017-01-30 19:25:39","Type 2: Recovery Ride"
"2017-02-01 16:19:21","Type 3: Endurance Ride"
"2017-02-02 19:07:00","Type 2: Recovery Ride"
"2017-02-03 15:44:24","Type 2: Recovery Ride"
"2017-02-07 10:02:41","Type 2: Recovery Ride"
"2017-02-09 09:36:27","Type 2: Recovery Ride"
"2017-02-11 09:11:40","Type 2: Recovery Ride"
"2017-02-12 10:48:21","Type 2: Recovery Ride"
"2017-02-13 07:55:30","Type 2: Recovery Ride"
"2017-02-14 19:32:50","Type 3: Endurance Ride"
"2017-02-15 18:39:18","Type 3: Endurance Ride"
"2017-02-17 16:29:15","Type 2: Recovery Ride"
"2017-02-18 18:13:04","Type 3: Endurance Ride"
"2017-02-19 14:53:43","Type 3: Endurance Ride"
"2017-02-20 09:25:12","Type 2: Recovery Ride"
"2017-02-21 08:23:10","Type 2: Recovery Ride"
"2017-02-22 08:58:04","Type 3: Endurance Ride"
"2017-02-23 09:55:01","Type 4: Race or Group Ride"
"2017-02-24 09:19:17","Type 1a: Zone 3 Interval Training"
"2017-02-25 14:48:38","Type 3: Endurance Ride"
"2017-02-26 15:23:19","Type 4: Race or Group Ride"
"2017-03-01 16:13:16","Type 4: Race or Group Ride"
"2017-03-02 19:30:28","Type 3: Endurance Ride"
"2017-03-05 19:51:46","Type 2: Recovery Ride"
"2017-03-06 15:52:11","Type 2: Recovery Ride"
"2017-03-08 08:04:24","Type 2: Recovery Ride"
"2017-03-09 09:52:04","Type 2: Recovery Ride"
"2017-03-09 09:59:07","Type 2: Recovery Ride"
"2017-03-12 14:49:03","Type 4: Race or Group Ride"
"2017-03-14 17:48:25","Type 3: Endurance Ride"
"2017-03-16 16:38:05","Type 2: Recovery Ride"
"2017-03-17 19:48:55","Type 3: Endurance Ride"
"2017-03-18 16:05:31","Type 2: Recovery Ride"
"2017-03-19 09:00:15","Type 1a: Zone 3 Interval Training"
"2017-03-20 08:01:54","Type 2: Recovery Ride"
"2017-03-23 08:35:27","Type 2: Recovery Ride"
"2017-03-26 16:33:10","Type 2: Recovery Ride"
"2017-03-27 16:15:33","Type 4: Race or Group Ride"
"2017-04-04 08:11:43","Type 2: Recovery Ride"
"2017-04-07 09:28:12","Type 2: Recovery Ride"
"2017-04-15 14:39:19","Type 2: Recovery Ride"
"2017-04-16 09:53:33","Type 2: Recovery Ride"
"2017-04-17 14:54:13","Type 4: Race or Group Ride"
"2017-04-19 09:08:56","Type 4: Race or Group Ride"
"2017-04-20 08:11:40","Type 4: Race or Group Ride"
"2017-04-22 15:44:57","Type 3: Endurance Ride"
"2017-04-23 16:30:14","Type 4: Race or Group Ride"
"2017-04-28 09:42:12","Type 2: Recovery Ride"
"2017-04-29 15:00:21","Type 2: Recovery Ride"
"2017-05-05 08:49:46","Type 1c: Zone 5 Interval Training"
"2017-05-08 15:12:37","Type 4: Race or Group Ride"
"2017-05-09 18:43:16","Type 2: Recovery Ride"
"2017-05-10 19:08:22","Type 2: Recovery Ride"
"2017-05-10 20:01:33","Type 2: Recovery Ride"
"2017-05-11 19:13:02","Type 4: Race or Group Ride"
"2017-05-15 09:33:35","Type 2: Recovery Ride"
"2017-05-16 08:36:00","Type 2: Recovery Ride"
"2017-06-04 19:56:31","Type 4: Race or Group Ride"
"2017-06-05 10:57:34","Type 2: Recovery Ride"
"2017-07-01 16:59:15","Type 2: Recovery Ride"
"2017-07-01 17:19:11","Type 4: Race or Group Ride"
"2017-07-04 08:17:28","Type 2: Recovery Ride"
"2017-07-06 19:55:06","Type 2: Recovery Ride"
"2017-07-09 08:18:47","Type 2: Recovery Ride"
"2017-07-11 07:14:30","Type 4: Race or Group Ride"
"2017-07-11 14:30:06","Type 2: Recovery Ride"
"2017-07-11 15:16:39","Type 4: Race or Group Ride"
"2017-07-11 15:35:49","Type 4: Race or Group Ride"
"2017-07-13 07:56:56","Type 3: Endurance Ride"
"2017-09-01 19:07:01","Type 4: Race or Group Ride"
"2017-09-02 19:30:57","Type 4: Race or Group Ride"
"2017-09-03 08:18:04","Type 2: Recovery Ride"
"2017-09-04 09:29:30","Type 2: Recovery Ride"
"2017-09-05 10:04:29","Type 1c: Zone 5 Interval Training"
"2017-09-07 07:58:12","Type 4: Race or Group Ride"
"2017-09-08 08:50:41","Type 2: Recovery Ride"
"2017-09-10 14:54:55","Type 2: Recovery Ride"
"2017-09-11 18:56:12","Type 1a: Zone 3 Interval Training"
"2017-09-14 16:27:33","Type 2: Recovery Ride"
"2017-09-15 19:27:29","Type 4: Race or Group Ride"
"2017-09-16 18:43:35","Type 4: Race or Group Ride"
"2017-09-18 10:12:56","Type 2: Recovery Ride"
"2017-09-19 09:00:23","Type 4: Race or Group Ride"
"2017-09-22 09:37:42","Type 2: Recovery Ride"
"2017-09-25 20:02:40","Type 2: Recovery Ride"
"2017-09-26 19:21:36","Type 2: Recovery Ride"
"2017-10-10 15:11:21","Type 4: Race or Group Ride"
"2017-10-14 15:36:12","Type 2: Recovery Ride"
"2017-10-17 08:59:38","Type 2: Recovery Ride"
"2017-10-18 09:14:39","Type 1d: Zone 6 Interval Training"
"2017-10-19 10:04:02","Type 4: Race or Group Ride"
"2017-10-20 09:20:48","Type 2: Recovery Ride"
"2017-10-22 09:28:34","Type 4: Race or Group Ride"
"2017-10-23 15:30:10","Type 4: Race or Group Ride"
"2017-10-24 15:29:08","Type 3: Endurance Ride"
"2017-10-24 16:31:50","Type 2: Recovery Ride"
"2017-10-27 18:40:31","Type 4: Race or Group Ride"
"2017-10-28 15:14:27","Type 4: Race or Group Ride"
"2017-10-30 08:46:58","Type 1b: Zone 4 Interval Training"
"2017-10-31 08:32:38","Type 3: Endurance Ride"
"2017-11-02 08:02:33","Type 3: Endurance Ride"
"2017-11-03 09:29:02","Type 4: Race or Group Ride"
"2017-11-04 16:07:42","Type 2: Recovery Ride"
"2017-11-06 15:42:50","Type 2: Recovery Ride"
"2017-11-07 15:30:06","Type 2: Recovery Ride"
"2017-11-08 15:22:28","Type 3: Endurance Ride"
"2017-11-09 15:10:57","Type 3: Endurance Ride"
"2017-11-11 15:09:11","Type 3: Endurance Ride"
"2017-11-13 08:16:05","Type 2: Recovery Ride"
"2017-11-14 08:49:40","Type 4: Race or Group Ride"
"2017-11-15 08:57:51","Type 1a: Zone 3 Interval Training"
"2017-11-16 09:25:23","Type 2: Recovery Ride"
"2017-11-17 09:03:52","Type 4: Race or Group Ride"
"2017-11-18 13:29:18","Type 3: Endurance Ride"
"2017-11-19 15:01:27","Type 3: Endurance Ride"
"2017-11-20 19:18:25","Type 2: Recovery Ride"
"2017-11-21 16:03:25","Type 4: Race or Group Ride"
"2017-11-22 15:16:36","Type 2: Recovery Ride"
"2017-11-22 15:50:54","Type 2: Recovery Ride"
"2017-11-24 15:26:32","Type 4: Race or Group Ride"
"2017-11-25 18:59:55","Type 2: Recovery Ride"
"2017-11-26 15:01:12","Type 3: Endurance Ride"
"2017-11-28 08:29:26","Type 4: Race or Group Ride"
"2017-11-28 10:02:14","Type 2: Recovery Ride"
"2017-11-29 09:26:20","Type 4: Race or Group Ride"
"2017-11-30 09:26:17","Type 3: Endurance Ride"
"2017-12-01 09:38:08","Type 2: Recovery Ride"
"2017-12-02 15:19:07","Type 4: Race or Group Ride"
"2017-12-04 18:39:51","Type 2: Recovery Ride"
"2017-12-05 15:20:23","Type 4: Race or Group Ride"
"2017-12-09 15:11:56","Type 2: Recovery Ride"
"2017-12-09 16:19:48","Type 2: Recovery Ride"
"2017-12-10 15:14:09","Type 3: Endurance Ride"
"2017-12-12 08:55:41","Type 4: Race or Group Ride"
"2017-12-15 09:14:36","Type 2: Recovery Ride"
"2017-12-16 08:35:14","Type 2: Recovery Ride"
"2017-12-17 14:58:18","Type 4: Race or Group Ride"
"2017-12-18 15:20:45","Type 2: Recovery Ride"
"2017-12-18 16:19:24","Type 2: Recovery Ride"
"2017-12-20 15:39:42","Type 2: Recovery Ride"
"2017-12-21 15:25:02","Type 2: Recovery Ride"
"2017-12-22 15:51:39","Type 2: Recovery Ride"
"2017-12-23 15:19:58","Type 1a: Zone 3 Interval Training"
"2017-12-25 08:32:29","Type 2: Recovery Ride"
"2017-12-25 16:19:15","Type 4: Race or Group Ride"
"2017-12-26 09:34:37","Type 2: Recovery Ride"
"2017-12-27 09:51:35","Type 2: Recovery Ride"
"2017-12-27 15:52:29","Type 4: Race or Group Ride"
"2017-12-30 15:25:08","Type 2: Recovery Ride"
"2017-12-31 19:43:02","Type 2: Recovery Ride"
"2017-12-31 20:25:03","Type 2: Recovery Ride"
"2017-12-31 21:11:44","Type 2: Recovery Ride"
"2018-01-01 14:23:25","Type 2: Recovery Ride"
"2018-01-01 15:18:42","Type 2: Recovery Ride"
"2018-01-01 16:13:14","Type 2: Recovery Ride"
"2018-01-02 16:04:13","Type 1a: Zone 3 Interval Training"
"2018-01-03 16:12:01","Type 4: Race or Group Ride"
"2018-01-05 15:26:36","Type 4: Race or Group Ride"
"2018-01-07 15:04:30","Type 4: Race or Group Ride"
"2018-01-09 08:39:05","Type 1b: Zone 4 Interval Training"
"2018-01-10 09:54:19","Type 2: Recovery Ride"
"2018-01-12 08:46:11","Type 4: Race or Group Ride"
"2018-01-13 15:40:34","Type 2: Recovery Ride"
"2018-01-13 16:29:54","Type 2: Recovery Ride"
"2018-01-15 15:24:43","Type 2: Recovery Ride"
"2018-01-15 15:59:05","Type 2: Recovery Ride"
"2018-01-15 16:36:08","Type 2: Recovery Ride"
"2018-01-19 15:36:44","Type 2: Recovery Ride"
"2018-01-19 16:16:42","Type 2: Recovery Ride"
"2018-01-23 08:40:10","Type 1a: Zone 3 Interval Training"
"2018-01-24 08:47:52","Type 3: Endurance Ride"
"2018-01-26 08:41:37","Type 2: Recovery Ride"
"2018-01-26 09:20:06","Type 2: Recovery Ride"
"2018-01-27 15:29:31","Type 2: Recovery Ride"
"2018-01-27 16:05:58","Type 4: Race or Group Ride"
"2018-01-29 18:49:20","Type 3: Endurance Ride"
"2018-01-30 18:42:21","Type 3: Endurance Ride"
"2018-02-01 15:49:02","Type 3: Endurance Ride"
"2018-02-03 09:46:04","Type 3: Endurance Ride"
"2018-02-05 09:05:33","Type 4: Race or Group Ride"
"2018-02-06 10:50:30","Type 4: Race or Group Ride"
"2018-02-07 09:15:20","Type 2: Recovery Ride"
"2018-02-08 09:27:01","Type 3: Endurance Ride"
"2018-02-10 15:51:03","Type 4: Race or Group Ride"
"2018-02-11 14:59:10","Type 1a: Zone 3 Interval Training"
"2018-02-12 15:29:20","Type 2: Recovery Ride"
"2018-02-14 15:00:44","Type 4: Race or Group Ride"
"2018-02-15 15:26:27","Type 4: Race or Group Ride"
"2018-02-16 15:59:30","Type 3: Endurance Ride"
"2018-02-18 08:15:54","Type 2: Recovery Ride"
"2018-02-19 09:10:18","Type 2: Recovery Ride"
"2018-02-19 10:07:34","Type 4: Race or Group Ride"
"2018-02-19 10:34:39","Type 2: Recovery Ride"
"2018-02-19 10:49:26","Type 2: Recovery Ride"
"2018-02-20 09:15:47","Type 2: Recovery Ride"
"2018-02-20 10:04:26","Type 2: Recovery Ride"
"2018-02-22 10:35:19","Type 2: Recovery Ride"
"2018-02-24 15:52:18","Type 3: Endurance Ride"
"2018-02-24 17:03:23","Type 2: Recovery Ride"
"2018-02-25 15:12:48","Type 1a: Zone 3 Interval Training"
"2018-02-27 19:08:57","Type 4: Race or Group Ride"
"2018-02-27 19:33:43","Type 2: Recovery Ride"
"2018-02-28 15:58:51","Type 2: Recovery Ride"
"2018-02-28 16:43:49","Type 2: Recovery Ride"
"2018-03-02 18:19:59","Type 2: Recovery Ride"
"2018-03-02 18:50:14","Type 2: Recovery Ride"
"2018-03-03 15:58:34","Type 2: Recovery Ride"
"2018-03-03 16:42:48","Type 2: Recovery Ride"
"2018-03-04 16:52:36","Type 4: Race or Group Ride"
"2018-03-07 08:30:27","Type 2: Recovery Ride"
"2018-03-07 09:17:17","Type 2: Recovery Ride"
"2018-03-07 10:02:06","Type 2: Recovery Ride"
"2018-03-07 10:25:35","Type 2: Recovery Ride"
"2018-03-09 08:43:46","Type 3: Endurance Ride"
"2018-03-10 16:35:41","Type 4: Race or Group Ride"
"2018-03-11 12:17:44","Type 4: Race or Group Ride"
"2018-03-12 18:51:16","Type 2: Recovery Ride"
"2018-03-13 18:03:32","Type 2: Recovery Ride"
"2018-03-13 19:16:14","Type 2: Recovery Ride"
"2018-03-14 16:24:24","Type 2: Recovery Ride"
"2018-03-14 16:59:49","Type 4: Race or Group Ride"
"2018-03-15 15:17:48","Type 2: Recovery Ride"
"2018-03-17 08:07:58","Type 2: Recovery Ride"
"2018-03-17 09:29:27","Type 4: Race or Group Ride"
"2018-03-17 16:09:52","Type 4: Race or Group Ride"
"2018-03-18 08:47:22","Type 2: Recovery Ride"
"2018-03-18 09:51:54","Type 2: Recovery Ride"
"2018-03-19 09:12:11","Type 2: Recovery Ride"
"2018-03-19 10:21:17","Type 2: Recovery Ride"
"2018-03-20 09:31:33","Type 4: Race or Group Ride"
"2018-03-22 08:16:11","Type 2: Recovery Ride"
"2018-03-23 08:27:22","Type 2: Recovery Ride"
"2018-03-23 09:35:51","Type 2: Recovery Ride"
"2018-03-25 19:10:37","Type 2: Recovery Ride"
"2018-03-25 19:47:39","Type 2: Recovery Ride"
"2018-03-26 18:25:41","Type 3: Endurance Ride"
"2018-03-27 15:35:16","Type 4: Race or Group Ride"
"2018-03-27 16:45:48","Type 2: Recovery Ride"
"2018-04-03 08:44:09","Type 2: Recovery Ride"
"2018-04-03 09:18:03","Type 2: Recovery Ride"
"2018-04-06 10:52:42","Type 4: Race or Group Ride"
"2018-04-07 13:41:42","Type 4: Race or Group Ride"
"2020-01-26 14:24:00","Type 4: Race or Group Ride"
"2020-01-28 20:10:04","Type 4: Race or Group Ride"
"2020-01-30 19:29:57","Type 4: Race or Group Ride"
"2020-02-07 15:58:11","Type 4: Race or Group Ride"
"2020-02-09 09:12:19","Type 4: Race or Group Ride"
"2020-02-11 19:43:03","Type 3: Endurance Ride"
"2020-02-13 19:57:39","Type 2: Recovery Ride"
"2020-02-22 11:11:15","Type 4: Race or Group Ride"
"2020-02-23 12:53:52","Type 4: Race or Group Ride"
"2020-02-27 19:52:10","Type 3: Endurance Ride"
"2020-03-03 19:55:50","Type 2: Recovery Ride"
"2020-03-06 07:35:23","Type 2: Recovery Ride"
"2020-03-06 15:13:51","Type 4: Race or Group Ride"
"2020-03-31 17:48:39","Type 2: Recovery Ride"
"2020-04-01 11:37:11","Type 2: Recovery Ride"
"2020-04-02 11:14:12","Type 2: Recovery Ride"
"2020-04-02 11:36:37","Type 2: Recovery Ride"
"2020-04-02 11:42:31","Type 2: Recovery Ride"
"2020-04-03 10:02:31","Type 2: Recovery Ride"
"2020-04-03 10:22:21","Type 2: Recovery Ride"
"2020-04-04 12:53:08","Type 3: Endurance Ride"
"2020-04-05 10:58:11","Type 3: Endurance Ride"
"2020-04-07 11:49:19","Type 2: Recovery Ride"
"2020-04-09 11:26:49","Type 2: Recovery Ride"
"2020-04-16 11:01:34","Type 2: Recovery Ride"
"2020-04-16 11:28:30","Type 4: Race or Group Ride"
"2020-04-17 10:46:46","Type 2: Recovery Ride"
"2020-04-17 11:01:56","Type 2: Recovery Ride"
"2020-04-19 10:50:07","Type 3: Endurance Ride"
"2020-04-21 12:46:50","Type 2: Recovery Ride"
"2020-04-21 12:59:20","Type 4: Race or Group Ride"
"2020-04-23 12:03:49","Type 2: Recovery Ride"
"2020-04-23 19:27:26","Type 4: Race or Group Ride"
"2020-04-28 18:07:34","Type 2: Recovery Ride"
"2020-04-30 12:40:46","Type 3: Endurance Ride"
"2020-05-01 11:59:56","Type 3: Endurance Ride"
"2020-05-02 08:03:43","Type 1a: Zone 3 Interval Training"
"2020-05-03 07:51:27","Type 4: Race or Group Ride"
"2017-01-31 18:36:44","Type 3: Endurance Ride"
"2017-02-21 15:22:56","Type 4: Race or Group Ride"
"2017-05-15 15:16:25","Type 4: Race or Group Ride"
"2017-06-05 18:28:42","Type 1a: Zone 3 Interval Training"
"2013-05-18 16:15:22","Race or Group Ride"
"2019-05-13 08:55:10","Zone 3 Interval Training"
"2019-07-14 09:54:00","Zone 3 Interval Training"
